VideoID,PlaylistVideoCreationTimestamp
aSZ4RUFA7VQ,2025-05-30T19:13:11+00:00
k2jzoPzsiGs,2025-05-30T12:55:11+00:00
JE3QM_9sljI,2025-05-29T09:05:25+00:00
L44jBY8rFkw,2025-05-28T19:07:21+00:00
beeGdb7Lceg,2025-05-28T16:22:28+00:00
vw_8k63Gvp4,2025-05-28T16:22:25+00:00
qAgP6V--qYM,2025-05-28T15:56:59+00:00
FnB12C4Npus,2025-05-27T20:16:00+00:00
iOz5XUVkFkY,2025-05-27T19:18:51+00:00
BMeoeGGEimE,2025-05-27T19:18:19+00:00
dElkxu0tWHg,2025-05-27T18:00:00+00:00
Vf5h_55X8Ng,2025-05-27T15:18:12+00:00
uVTyvMd8tYM,2025-05-27T15:17:33+00:00
nMwiQE8Nsjc,2025-05-27T15:16:47+00:00
OOiSEi4j2Qg,2025-05-27T10:38:19+00:00
LAEwoYIYgJA,2025-05-27T10:34:53+00:00
lze6E3H23aw,2025-05-26T17:20:07+00:00
I72uD8ED73U,2025-05-26T16:57:29+00:00
Djeu4QBEbzw,2025-05-26T16:55:02+00:00
KO3-xkVACgE,2025-05-26T09:14:42+00:00
kBDnxOJOcqU,2025-05-26T08:06:16+00:00
B9Hv8-caQyg,2025-05-25T15:10:13+00:00
NH5Wzh2Rf3E,2025-05-25T15:09:34+00:00
o00sYnO2_2s,2025-05-25T15:08:33+00:00
0GyWA4j9JEk,2025-05-25T14:18:40+00:00
2Mwf6hW-aB4,2025-05-25T14:17:11+00:00
DCnrJ7URrk0,2025-05-25T11:54:59+00:00
F7Pzyx9eG3g,2025-05-24T19:33:56+00:00
Vq_6mAAbfFY,2025-05-24T19:32:13+00:00
KPq6VswMsPY,2025-05-24T15:08:11+00:00
xxN7uCE7CtY,2025-05-24T14:25:58+00:00
koXb8csc-FA,2025-05-24T12:38:02+00:00
pihwP2il7ZA,2025-05-23T19:19:03+00:00
BODwdhqrS3w,2025-05-23T19:18:12+00:00
UWyWSwq6fVc,2025-05-23T08:53:35+00:00
iqh8DepPZFo,2025-05-23T08:50:11+00:00
DJ-Atmia6lU,2025-05-23T08:40:46+00:00
oYaN83fBa2A,2025-05-23T08:40:45+00:00
omDPPzZs8UE,2025-05-23T08:24:32+00:00
Gvy7aBOh7gA,2025-05-23T08:23:00+00:00
altfwRMXG4A,2025-05-23T07:59:12+00:00
welpJZSPtME,2025-05-23T03:19:06+00:00
gDWFujy59Uw,2025-05-22T18:13:35+00:00
SwExp0pABt4,2025-05-22T08:40:22+00:00
8Z8HE8BAAoA,2025-05-22T08:26:14+00:00
cjnmaeekK4I,2025-05-21T13:42:22+00:00
yCnFwVAhbNY,2025-05-21T13:41:55+00:00
-n7p4LNEN2A,2025-05-21T12:46:29+00:00
T4aoChq7y18,2025-05-20T01:56:37+00:00
0kIhGW8v-UU,2025-05-20T01:56:00+00:00
IJDg6tRJmHo,2025-05-19T23:00:05+00:00
S8a0pVEy61g,2025-05-19T11:56:58+00:00
st50KX_TW4E,2025-05-18T19:03:41+00:00
HE86ud4L2-s,2025-05-18T19:03:36+00:00
oTGC1e18ucE,2025-05-18T16:50:20+00:00
FwhLf2gB3Cg,2025-05-18T12:45:46+00:00
RNCf4Mu3zVE,2025-05-18T00:56:58+00:00
YXRJJsMDmBg,2025-05-18T00:08:00+00:00
KIIh7XRDmuQ,2025-05-17T08:57:41+00:00
iF8o3lpiA28,2025-05-17T07:35:05+00:00
sYXh0AdBw-I,2025-05-17T06:02:11+00:00
vM8RhR-TcS8,2025-05-17T05:54:17+00:00
JINpo4ZoH7U,2025-05-17T05:28:45+00:00
wIuVvCuiJhU,2025-05-17T04:17:16+00:00
YnSv8ylLfPw,2025-05-17T04:16:49+00:00
P7S0exK2xgo,2025-05-16T10:32:49+00:00
3Zch9Uaxtrw,2025-05-16T08:55:20+00:00
O-MoXHYSEYQ,2025-05-16T01:18:33+00:00
vP3fwgDsP_E,2025-05-15T18:21:26+00:00
7eAeRCZ8NjA,2025-05-15T17:01:27+00:00
gl3g8EDtLRw,2025-05-15T16:59:24+00:00
ExCco4Aga-o,2025-05-14T22:44:32+00:00
zgTWL5nyDIU,2025-05-14T22:44:08+00:00
VzXXWkA1yeI,2025-05-14T22:18:01+00:00
6S6ASu2MPzA,2025-05-14T21:29:57+00:00
rkd-pdjVZVM,2025-05-14T21:25:02+00:00
uuZpJvJX7Jw,2025-05-14T16:26:18+00:00
vt-Fy4mYnBY,2025-05-14T14:53:53+00:00
R50ghOfQPXY,2025-05-14T12:17:55+00:00
pR8cMi67WNc,2025-05-14T12:14:22+00:00
dk-L4eOLl98,2025-05-14T12:01:03+00:00
Tp11jvYE408,2025-05-14T11:54:11+00:00
itCXZ1gXZg8,2025-05-13T17:24:23+00:00
GoyNMFccbow,2025-05-13T12:29:43+00:00
B8q1BCHoZcE,2025-05-13T02:15:49+00:00
4Z7lZOeZ8yE,2025-05-12T18:14:42+00:00
vAh12sihj7A,2025-05-12T18:14:37+00:00
FfJIBL-5flo,2025-05-12T18:03:09+00:00
tKil7lYIGto,2025-05-11T20:39:39+00:00
E-_LDZjPUdY,2025-05-11T18:49:47+00:00
SQTkOUjayW0,2025-05-11T17:50:27+00:00
g3jiohuyyvY,2025-05-11T15:17:21+00:00
iy53s5b3xkA,2025-05-10T21:34:29+00:00
GBTc7eZ-Pyc,2025-05-10T21:28:23+00:00
DJiQD5ZFV9I,2025-05-10T21:26:54+00:00
WaWZXB2-rc0,2025-05-10T17:06:26+00:00
Qs51K3vxzLI,2025-05-10T15:34:04+00:00
DEWyZ05okFA,2025-05-10T13:35:17+00:00
vaMxTSm53UU,2025-05-10T13:34:15+00:00
Cvof3Ay6eu0,2025-05-10T13:34:08+00:00
_7OBK2EzZYE,2025-05-10T13:33:56+00:00
sO3AYx0NTdc,2025-05-10T13:33:49+00:00
JnmFTvlrsOo,2025-05-10T09:18:50+00:00
f_0X6h0fCsI,2025-05-10T09:17:14+00:00
GCfhcYg3jXc,2025-05-08T18:49:42+00:00
bQAUFgS657w,2025-05-08T18:49:36+00:00
sFJ5LrDIzes,2025-05-08T16:58:08+00:00
bjDqBz7kw1M,2025-05-08T16:58:02+00:00
Vhq-41ICD3A,2025-05-08T16:57:43+00:00
vkyfSCCqJIc,2025-05-08T13:51:02+00:00
D2rt9bDi3eQ,2025-05-08T11:20:57+00:00
VLiCgB0odOQ,2025-05-08T11:09:40+00:00
y8dx7ZimArc,2025-05-08T11:09:23+00:00
TEBdwJ9mWyk,2025-05-07T15:46:51+00:00
ineJWkr6qFo,2025-05-06T22:43:55+00:00
RQWpF2Gb-gU,2025-05-06T22:36:49+00:00
WXE7QQxNPUQ,2025-05-06T22:02:09+00:00
9vWJE8k-Meo,2025-05-06T19:02:06+00:00
BieAw6lwntU,2025-05-06T15:30:49+00:00
lUoiQkjtUYQ,2025-05-06T15:28:45+00:00
47EjvPIhAOU,2025-05-06T15:28:25+00:00
clJCDHml2cA,2025-05-06T14:05:34+00:00
6BjBQxWhBXg,2025-05-06T09:29:39+00:00
JJfQmgYyifg,2025-05-05T18:33:59+00:00
HjQd1QUwt7U,2025-05-05T18:33:20+00:00
8Wn1eeR18yQ,2025-05-05T17:42:21+00:00
-M0DwYb5Q7M,2025-05-05T17:25:43+00:00
9vEi8n-S_bI,2025-05-05T17:25:37+00:00
FFytCr0VKnU,2025-05-05T15:58:00+00:00
q4EGeonO6YI,2025-05-05T15:24:35+00:00
ZmixszMNFgM,2025-05-05T14:23:34+00:00
s2w_YLu4WF8,2025-05-05T14:22:25+00:00
PkrYjX3bbnc,2025-05-05T13:37:06+00:00
H6TFzmErgQc,2025-05-05T13:36:45+00:00
-opBifFfsMY,2025-05-05T13:26:58+00:00
MnSWsLtBERU,2025-05-05T12:41:00+00:00
OiU1G6vMtIk,2025-05-04T17:43:14+00:00
1OxBv9Q7Uxo,2025-05-04T17:42:54+00:00
Qi8ypHosH2g,2025-05-04T16:11:50+00:00
7w8jmw96ryA,2025-05-04T16:00:10+00:00
R4ussrxbJ94,2025-05-04T15:23:44+00:00
V27J5fkmffA,2025-05-04T14:17:57+00:00
CIBmVXteOcI,2025-05-04T07:46:32+00:00
2ng8QYiNzv4,2025-05-04T07:46:22+00:00
9S34XPXNWjE,2025-05-03T11:35:29+00:00
7FzqgXsKPAM,2025-05-02T22:16:07+00:00
YIJuHIQwTCc,2025-05-02T22:16:01+00:00
Cxw2kCOgf88,2025-05-02T22:14:29+00:00
_UcP7JZHr8U,2025-05-02T21:19:14+00:00
k7Ru6BqLzZQ,2025-05-02T21:05:31+00:00
B8B8A1B1he8,2025-05-02T18:41:19+00:00
lRq0pESKJgg,2025-05-02T18:40:32+00:00
eNwpiHzfeJ0,2025-05-02T14:17:25+00:00
sZOcugdk_KU,2025-05-02T12:59:04+00:00
lLFNNi-gnQQ,2025-05-02T12:19:14+00:00
a95zqPoOe9E,2025-05-02T12:17:46+00:00
xyMSqSlDfM0,2025-05-02T09:40:34+00:00
t4-HGXxtbW0,2025-05-02T08:22:41+00:00
-UeOYmSzv2s,2025-05-02T06:39:58+00:00
iX3JT6q3AxA,2025-05-01T13:03:27+00:00
GgSK_V0q858,2025-05-01T12:02:52+00:00
6ucBfohOZdk,2025-05-01T12:02:18+00:00
i7Jh1lSb3YM,2025-05-01T10:33:34+00:00
BSNrub2Td6w,2025-05-01T10:32:23+00:00
Vst26HPGmlU,2025-05-01T10:32:08+00:00
meVrWaHDVqs,2025-05-01T10:30:58+00:00
F7-V9ImpGJE,2025-05-01T10:29:18+00:00
c1O6S7MWXb8,2025-05-01T09:00:38+00:00
sug9b__KL-Y,2025-05-01T08:57:08+00:00
yZVcSN8lCC8,2025-04-30T12:56:44+00:00
gMmY2fjFOzE,2025-04-30T12:34:26+00:00
gZwhWO27vGY,2025-04-30T12:33:36+00:00
imnZddHnbwY,2025-04-30T06:51:11+00:00
_fXEt76xlQE,2025-04-30T00:24:39+00:00
09fW7lmU4vk,2025-04-29T08:57:55+00:00
rmBFaNgg4wk,2025-04-29T05:32:24+00:00
0Lhi_UaAMvM,2025-04-29T01:37:35+00:00
SSM9tqoMGu4,2025-04-28T23:03:39+00:00
7vAiloW7phc,2025-04-28T23:03:19+00:00
8sS2q4Pvteg,2025-04-28T23:02:48+00:00
3yqEnknT68A,2025-04-28T18:05:05+00:00
H_0DmBNzGao,2025-04-28T17:46:57+00:00
XN02F9ikYHI,2025-04-28T17:06:37+00:00
s0HpkbOSH4M,2025-04-28T17:00:10+00:00
Nr_HCMaALk0,2025-04-28T01:34:21+00:00
ewQQX3fxQKk,2025-04-28T00:42:37+00:00
AWNKQ2ete5Q,2025-04-27T21:13:43+00:00
yZWAf8j7vw0,2025-04-27T21:13:33+00:00
KpHQ60ejgaA,2025-04-27T20:54:37+00:00
PKdUvW8fMj0,2025-04-27T20:50:40+00:00
0nie9JtLxAg,2025-04-27T20:33:44+00:00
I-7w-0BbAvM,2025-04-27T20:31:59+00:00
7xhwx8z8mJc,2025-04-27T09:22:07+00:00
QfrK2DTrMNE,2025-04-27T07:00:44+00:00
uXGN3_PNeeY,2025-04-27T06:58:45+00:00
bErJpKrEhzc,2025-04-27T06:56:43+00:00
cpmmq0CcD_I,2025-04-27T05:59:59+00:00
fbJnT_mrTh8,2025-04-26T22:52:05+00:00
pVI_smLgTY0,2025-04-26T22:08:55+00:00
XctNeRzikOA,2025-04-26T13:17:27+00:00
wAYwlVW0USQ,2025-04-26T03:01:18+00:00
bThPluSzlDU,2025-04-26T02:31:28+00:00
xBPLcb6SCs0,2025-04-25T22:38:16+00:00
FqpvCXTL74s,2025-04-25T18:52:35+00:00
jZzNDveuDVY,2025-04-25T17:29:40+00:00
fM7q85V_2Z0,2025-04-25T17:28:55+00:00
b0A-CxAb3Y4,2025-04-25T16:06:25+00:00
fuSRjyR_ZJU,2025-04-25T15:35:02+00:00
D50qjCG7OnU,2025-04-25T14:14:41+00:00
KUBAm5uynwo,2025-04-25T13:28:22+00:00
ntLc4hHWqHs,2025-04-25T13:21:30+00:00
DZ95Gmvg_D4,2025-04-25T13:21:03+00:00
lL34WpoETds,2025-04-25T13:20:57+00:00
11eTG4_iwqw,2025-04-25T12:57:39+00:00
m-b51C82-UE,2025-04-25T11:49:21+00:00
FMU0j_ly4kk,2025-04-25T01:40:48+00:00
7j9gVCTJHbY,2025-04-24T23:19:21+00:00
4RQkWYQKgVE,2025-04-24T18:45:14+00:00
w7Ka44HugZ4,2025-04-24T16:56:26+00:00
gqvkuCt1Kxo,2025-04-24T15:22:54+00:00
PFCaAL4yuuE,2025-04-24T14:49:24+00:00
-pfTroYWnuQ,2025-04-24T14:33:56+00:00
3xcS4zDi77E,2025-04-24T04:03:48+00:00
mxzu8fVQq_0,2025-04-22T16:30:11+00:00
WYkuS2Q6n3k,2025-04-22T16:29:52+00:00
lZVor6SpU-c,2025-04-22T16:07:58+00:00
qlqhfwvycyA,2025-04-22T15:46:22+00:00
JyfBZwIuOsY,2025-04-22T13:37:25+00:00
eRRt_ESnmaQ,2025-04-21T12:48:27+00:00
tSo2UvbboHY,2025-04-21T11:41:34+00:00
u6qmM8UZRmM,2025-04-21T02:04:50+00:00
7ISOpcwh5pA,2025-04-21T01:19:40+00:00
mFiAPxZOs5Q,2025-04-20T06:59:09+00:00
51Eanx2r5Hc,2025-04-20T05:27:31+00:00
UC_gGzYa6jk,2025-04-20T04:16:34+00:00
QyWDQYMsPeA,2025-04-19T12:47:57+00:00
14gTLf8DTZc,2025-04-19T12:47:17+00:00
65Ke-jGG2wU,2025-04-19T12:11:07+00:00
w8gE58Gwbj0,2025-04-19T11:53:56+00:00
WqsyvK_2eYo,2025-04-19T11:53:17+00:00
yTv56w8PkzM,2025-04-19T07:26:03+00:00
-Nl6hz2nYFA,2025-04-19T02:24:25+00:00
0dEJiQnotR8,2025-04-19T01:49:54+00:00
-d3icGN5xAM,2025-04-19T01:45:08+00:00
anvI3ifjHaY,2025-04-19T01:44:45+00:00
i56J0W-FDrw,2025-04-19T00:31:43+00:00
VLshKUsTxks,2025-04-18T17:46:06+00:00
OCooBoPe84c,2025-04-18T14:56:13+00:00
pIeD_Pg0rCk,2025-04-17T16:30:11+00:00
3jAw41LRBxU,2025-04-17T14:15:49+00:00
7EgFm8Dor40,2025-04-17T14:15:25+00:00
oYlcUbLAFmw,2025-04-17T12:59:09+00:00
plBdxxbLvUw,2025-04-17T12:58:32+00:00
NqXebyg7nCc,2025-04-17T12:58:29+00:00
NoAmcaI5UyA,2025-04-17T11:02:49+00:00
9bwTI__ZKxc,2025-04-17T07:49:23+00:00
ZQTj8ZSDFw4,2025-04-16T20:33:16+00:00
ONMBBls6Q9o,2025-04-16T20:27:39+00:00
6jg_deRJXcI,2025-04-16T19:58:47+00:00
PIerWDWwICg,2025-04-16T18:47:21+00:00
rvM2BthjEI4,2025-04-16T16:53:17+00:00
3tOQxY78GcM,2025-04-15T15:59:35+00:00
eNf-f3_Fxa0,2025-04-15T14:42:57+00:00
iAlpzHgPdJ4,2025-04-15T14:41:58+00:00
5IrS2YSvZPg,2025-04-15T07:02:38+00:00
xzDCUF6Z3Eo,2025-04-15T07:01:17+00:00
Ghx_ln42TSw,2025-04-14T10:38:11+00:00
cuxujgpr8Zk,2025-04-13T18:20:59+00:00
ULo8mvKPHoQ,2025-04-13T18:20:33+00:00
blaBzoBL9JQ,2025-04-13T18:20:28+00:00
KJEhb6xTTqw,2025-04-13T08:55:45+00:00
4MDIXS6CGtg,2025-04-13T07:48:34+00:00
ku4_ykZ0HH4,2025-04-12T20:44:46+00:00
KmyVqNiwZ08,2025-04-12T12:32:15+00:00
XmD1eGuX4GU,2025-04-12T12:28:51+00:00
hhCP0IOlgdw,2025-04-12T12:26:41+00:00
xlywur_QEx4,2025-04-12T12:14:44+00:00
L95sLxd1hmw,2025-04-12T12:14:36+00:00
cE-RlzXhLXk,2025-04-11T13:41:21+00:00
DeSDjjicGWY,2025-04-11T08:22:07+00:00
Cu-IMFl37LA,2025-04-10T11:13:27+00:00
s5LYorPfwFg,2025-04-09T16:25:19+00:00
OQq1VKpIVFk,2025-04-09T16:25:01+00:00
qf0qQQbSInc,2025-04-09T16:05:16+00:00
SfUCBTpOvCE,2025-04-09T15:14:02+00:00
wbRViRwflbI,2025-04-09T15:13:47+00:00
5MHDLHgsRi4,2025-04-09T04:03:03+00:00
bQaJYlgKp_A,2025-04-08T17:27:38+00:00
bolK1wjmGlc,2025-04-08T12:30:08+00:00
K6pak8jJ2A8,2025-04-08T12:29:39+00:00
79QbDJCzF70,2025-04-08T04:44:04+00:00
4sVIkIgJRGU,2025-04-08T04:26:59+00:00
N66z6ET3qvg,2025-04-07T12:23:49+00:00
2MASWUimkks,2025-04-07T11:19:30+00:00
kG_GklByIHs,2025-04-07T10:47:47+00:00
WiLVEa3jzOo,2025-04-07T10:47:38+00:00
dyyJtPwGx2o,2025-04-07T04:27:27+00:00
c3SYiI_NYq0,2025-04-04T06:48:32+00:00
Tysm54wZdcM,2025-04-04T06:00:57+00:00
9P74eCU19d0,2025-04-04T05:54:45+00:00
kTtE7Ki16eA,2025-04-02T11:19:09+00:00
5-7F85yANnk,2025-04-02T04:18:04+00:00
WuTlO5CNCFo,2025-03-31T19:06:58+00:00
JCNWSayWE4E,2025-03-29T16:01:11+00:00
OV9-MaiGXM4,2025-03-28T17:51:09+00:00
IYuzs4Nsjl0,2025-03-28T00:16:40+00:00
KuifawQ3xtM,2025-03-27T01:59:28+00:00
hMMoPteQuCQ,2025-03-27T01:41:19+00:00
ufll85QSaoQ,2025-03-27T00:51:38+00:00
nyHKHrXjybA,2025-03-26T19:43:01+00:00
62fPLMmUxhQ,2025-03-26T01:50:30+00:00
1Tn4YKRquNw,2025-03-26T00:55:11+00:00
HLmZAlE-064,2025-03-25T15:41:30+00:00
LK6-_rY7GOs,2025-03-25T15:39:50+00:00
teqkK0RLNkI,2025-03-24T22:03:40+00:00
9zu3pjvdSHI,2025-03-24T11:37:50+00:00
7FtgU8EkjF4,2025-03-23T20:00:38+00:00
RcVA8Nj6HEo,2025-03-23T11:26:34+00:00
WeS4aJuhJIw,2025-03-23T05:38:31+00:00
mSKZqx2zDfo,2025-03-20T19:40:54+00:00
hymg3QV6aG8,2025-03-20T19:01:01+00:00
CDVxM3vlPdg,2025-03-20T14:44:15+00:00
z2EUPDSabY0,2025-03-19T14:11:04+00:00
m4_fPCT0Vd4,2025-03-19T14:08:28+00:00
Or8Z7mbfgfU,2025-03-19T11:15:40+00:00
gkH1zhtADBA,2025-03-19T11:14:48+00:00
ggkqjUR4ZpQ,2025-03-18T17:36:10+00:00
7-djg27lJyQ,2025-03-18T17:18:38+00:00
bseBYcSx68w,2025-03-18T15:59:27+00:00
PhpAeiWw_4M,2025-03-18T11:48:22+00:00
iNKUuWfWTf4,2025-03-17T12:41:13+00:00
WYo4oqMri_k,2025-03-16T18:30:25+00:00
jjcaqxoJ0bw,2025-03-15T02:16:08+00:00
lETPaGnl2aI,2025-03-15T02:15:27+00:00
sxUcbR12uHc,2025-03-15T02:15:17+00:00
0loXukB302Q,2025-03-14T14:59:24+00:00
chNl9fzE_nc,2025-03-14T03:06:56+00:00
6OSpm4uXqDw,2025-03-13T18:27:46+00:00
blsKEwkUKgg,2025-03-13T16:01:30+00:00
6Maq5IyHSuc,2025-03-13T13:05:13+00:00
thcFjWeRYWU,2025-03-13T05:48:10+00:00
yiTh9jB8nWU,2025-03-13T05:47:40+00:00
BNQPKSi2q9g,2025-03-13T05:30:51+00:00
8jjT4AjTUMA,2025-03-13T05:16:04+00:00
AJ5WE5yLKCM,2025-03-13T03:46:19+00:00
To1woYCxPkw,2025-03-12T23:18:00+00:00
_l_wtpxgB7k,2025-03-12T00:43:03+00:00
FsEqFvzDYHU,2025-03-11T12:04:40+00:00
VU1B0wwDlak,2025-03-11T12:04:13+00:00
Ryt-iyf9b3M,2025-03-11T07:29:49+00:00
qcMuyHzhvpI,2025-03-11T07:29:20+00:00
bDN7vV50rSs,2025-03-11T06:21:40+00:00
f7oXhDatwtY,2025-03-11T06:16:41+00:00
XpMZoR3fgd0,2025-03-11T06:08:05+00:00
dk3dQf7yZFI,2025-03-11T01:38:59+00:00
AdeswJreJ98,2025-03-10T22:11:20+00:00
NNaQuE-DAsc,2025-03-10T18:30:38+00:00
i2ypCsB93gM,2025-03-10T17:33:46+00:00
Oix32Hc_wtE,2025-03-10T09:45:51+00:00
KcigLhLNFjw,2025-03-10T02:31:38+00:00
Qp5xegeGjtE,2025-03-09T05:04:21+00:00
5iR14telPN4,2025-03-09T04:59:16+00:00
h1Fw6ZvO_h4,2025-03-09T04:02:26+00:00
sjIpt7wNMN8,2025-03-09T03:51:01+00:00
txofQez_HQY,2025-03-09T03:49:57+00:00
CvcziDi8FYA,2025-03-09T03:39:49+00:00
wiZmXnFC8_k,2025-03-09T00:09:43+00:00
rGrazTC9HY4,2025-03-08T03:08:37+00:00
KIvLywqLCW0,2025-03-08T03:07:59+00:00
c2QD2_3pWWQ,2025-03-08T00:18:14+00:00
2JqDneQLX0s,2025-03-08T00:17:56+00:00
4ExQnDYwsfo,2025-03-06T23:55:45+00:00
2dnc1qx35ts,2025-03-06T23:36:49+00:00
nfVyShhx-0I,2025-03-06T11:34:00+00:00
4umPeMNrV_M,2025-03-06T02:53:48+00:00
2a_VtQJHkb8,2025-03-06T02:52:06+00:00
R0taEjhqDIA,2025-03-06T00:09:59+00:00
iT03DLmDTz8,2025-03-06T00:01:23+00:00
l3MJVeRDIHI,2025-03-05T22:55:23+00:00
fVMlUd9orf4,2025-03-05T21:29:04+00:00
QkNPt9j3vs4,2025-03-05T21:04:10+00:00
5tFtaS2HPWo,2025-03-05T21:04:00+00:00
Fuz-jLIo2g8,2025-03-05T21:03:21+00:00
-iMUqJmZYzI,2025-03-05T03:12:17+00:00
HMeXNm88Z-g,2025-03-04T18:25:13+00:00
yPicWqEaAwc,2025-03-04T00:04:56+00:00
vqpAQQaa6gI,2025-03-03T23:34:18+00:00
P_tJhggSbYM,2025-03-03T22:15:36+00:00
rnwPmoWMGqk,2025-03-03T21:53:08+00:00
UV9_SqKqZQ8,2025-03-03T21:12:03+00:00
UTIof6iYPSw,2025-03-03T21:10:22+00:00
AY7G0sEfPAo,2025-03-03T20:23:12+00:00
sREEwz0vfV4,2025-03-03T19:41:22+00:00
FUg5nk7zBF8,2025-03-03T19:18:16+00:00
rHtSj3hTf7Y,2025-03-03T19:17:08+00:00
vm5Bw0i4rSM,2025-03-03T17:54:17+00:00
xuXAQRfTxDE,2025-03-03T12:20:47+00:00
tXRO5j3XvC0,2025-03-03T08:27:14+00:00
KLyUHQhuTMY,2025-03-03T08:26:55+00:00
AXE7lDn3snU,2025-03-03T00:22:24+00:00
ZiT-NiSxv8I,2025-03-03T00:22:07+00:00
a-P9dWtjP6o,2025-03-02T13:22:31+00:00
Rpk-x6PEPeY,2025-03-02T13:19:03+00:00
62TPh6VYp08,2025-03-02T13:10:15+00:00
EgUE0mA0Fis,2025-03-02T13:04:12+00:00
o03_cfOnl84,2025-03-02T12:24:20+00:00
DqYl42JtaQg,2025-03-02T08:02:15+00:00
nIGceyJICwo,2025-03-02T00:26:29+00:00
zRqHpYOD_G0,2025-03-01T22:58:55+00:00
o3ewDF5rkfI,2025-03-01T12:06:34+00:00
TM6q1F45boQ,2025-03-01T07:40:55+00:00
fsg1gqy7pG8,2025-03-01T00:37:32+00:00
VdjYVF4a6iU,2025-02-28T17:40:26+00:00
IembfDUEBp8,2025-02-28T17:38:25+00:00
vkzIX_MItoc,2025-02-28T13:49:28+00:00
uuKOkaZJb6Q,2025-02-28T13:49:07+00:00
96GeCO1m1rg,2025-02-28T12:57:34+00:00
X81YW0R4Za0,2025-02-27T21:04:57+00:00
VAD4uPOcHhs,2025-02-27T17:49:41+00:00
HuDH91XgceA,2025-02-27T17:49:07+00:00
3xcwoWF5H1A,2025-02-27T17:49:04+00:00
mHZW-d8TrLQ,2025-02-27T07:10:45+00:00
fN3gdUMB_Yc,2025-02-27T07:10:00+00:00
5pluVoDUN3c,2025-02-26T20:17:28+00:00
Wko0zgRGtPI,2025-02-26T20:17:17+00:00
y1Ti82ZY26Q,2025-02-26T20:16:35+00:00
nAsLa3wWypQ,2025-02-26T18:33:58+00:00
411HxSJrS4s,2025-02-26T18:33:40+00:00
zH9nZ49xoAY,2025-02-26T18:33:32+00:00
YQvqLllS3b8,2025-02-26T18:33:16+00:00
5y1Oin7CcI4,2025-02-26T18:31:51+00:00
1o7i2jrQiZY,2025-02-26T18:31:43+00:00
XpkVzsoAfog,2025-02-26T18:05:23+00:00
OIQ0HxLsM00,2025-02-26T17:12:36+00:00
jwZ3M6nO0YU,2025-02-26T15:37:42+00:00
fw5FSeb6khU,2025-02-26T11:24:20+00:00
x0zp4D1UzCk,2025-02-26T11:22:59+00:00
Zn08RQJUxAw,2025-02-25T17:59:13+00:00
R_agd5qZ26Y,2025-02-25T12:51:03+00:00
A7n1KKxocSw,2025-02-25T06:58:03+00:00
78Kmb9E63Xw,2025-02-24T23:22:44+00:00
SurcoG8zulY,2025-02-24T23:22:13+00:00
oNmcX6Gozg0,2025-02-24T11:42:23+00:00
eM0C8v9ZWy0,2025-02-24T11:34:17+00:00
d0G9pMH_XVY,2025-02-24T11:34:12+00:00
YXTtzMnsym4,2025-02-24T01:58:30+00:00
EUKZMqQtz2w,2025-02-24T00:18:01+00:00
r-QhfByfNgE,2025-02-24T00:17:20+00:00
tuoNRJlE1yA,2025-02-24T00:14:28+00:00
nAh_Kx5Zh5Q,2025-02-23T23:47:43+00:00
_VEp-h-2RnU,2025-02-23T23:47:38+00:00
Tx9dHc0MyHs,2025-02-23T23:46:02+00:00
Ij6FOmbWxoE,2025-02-23T23:45:50+00:00
voUcv7ydC9o,2025-02-23T23:45:40+00:00
Rz3bDQ14ISg,2025-02-23T23:37:32+00:00
wQeHs4YVeug,2025-02-23T23:36:04+00:00
dLeLt40ZKYE,2025-02-23T23:35:07+00:00
sVIxWy5U1yY,2025-02-23T15:23:03+00:00
D_k8aMvIV0Q,2025-02-23T15:22:42+00:00
pqdLwkyfLdM,2025-02-23T15:18:26+00:00
IlIF1OXirtk,2025-02-23T13:27:00+00:00
nA-rIEiCcM4,2025-02-23T13:26:41+00:00
uyLmaslOpF4,2025-02-23T13:23:19+00:00
g0zA_e7-YSE,2025-02-23T07:12:52+00:00
MPSUcGUYou0,2025-02-22T18:51:14+00:00
lOjNk2RIRH4,2025-02-22T14:37:03+00:00
5Ux25t-LUtg,2025-02-22T14:06:03+00:00
_uAtR-gXlZY,2025-02-22T14:05:27+00:00
4-onQjCDup4,2025-02-22T14:05:23+00:00
vKmiRomf8NY,2025-02-21T08:43:55+00:00
pAeoJVXrZo4,2025-02-21T08:43:43+00:00
Wt16hZkwHdY,2025-02-21T08:43:38+00:00
px6jRt99Qno,2025-02-21T03:13:51+00:00
XG5eezj4rDc,2025-02-21T02:47:09+00:00
cuh49QQYyyI,2025-02-19T15:41:13+00:00
CuWfgiwI73Q,2025-02-18T17:36:11+00:00
vXJIbvsb00s,2025-02-18T12:18:39+00:00
WQLnIv3Y6Dc,2025-02-18T11:07:46+00:00
w0KWc3ovOo8,2025-02-18T11:05:52+00:00
4Wa5DivljOM,2025-02-18T08:26:06+00:00
NriuaTNdnoE,2025-02-18T07:33:11+00:00
G8XvG1RwOD8,2025-02-17T16:48:48+00:00
iSeR_qrtGmk,2025-02-17T16:48:43+00:00
Zq3Ws-Zf26I,2025-02-17T16:45:37+00:00
9yO5nJNDx-Q,2025-02-17T16:12:35+00:00
PqMJWzEB7bc,2025-02-17T15:36:00+00:00
NH-8_Dc_GY4,2025-02-17T15:09:26+00:00
yDVF_GTMCoY,2025-02-17T11:29:49+00:00
je76TESL950,2025-02-17T11:29:34+00:00
OPCJ4Rf6Tx0,2025-02-16T04:01:46+00:00
SlOb1-c3z_A,2025-02-15T12:48:48+00:00
22agG1a4EZQ,2025-02-15T11:04:20+00:00
NrXTtaal3-0,2025-02-15T10:57:39+00:00
fxdFw0ZudZg,2025-02-15T05:17:07+00:00
urZtflcgiI0,2025-02-14T18:07:55+00:00
k0pddroJqt8,2025-02-14T10:07:36+00:00
sghcZb6tMqQ,2025-02-14T09:24:20+00:00
ouvbeb2wSGA,2025-02-13T16:37:15+00:00
w_bEpKBd07w,2025-02-13T16:04:27+00:00
C5Bd6YxifCo,2025-02-13T12:26:45+00:00
rWC5KlPPZSk,2025-02-13T07:13:46+00:00
NJTDuGjSMGk,2025-02-13T07:03:23+00:00
mQREXg_fVKg,2025-02-13T05:11:51+00:00
HsGBtDhOfNk,2025-02-13T03:23:00+00:00
jGEDUZftaHI,2025-02-13T03:04:12+00:00
8BCUizlj2iE,2025-02-13T03:03:20+00:00
SmckUwQjOIw,2025-02-13T01:27:04+00:00
hSxEycfjr10,2025-02-12T12:40:07+00:00
n9aDaXzEVnA,2025-02-11T00:14:08+00:00
KoUmNiq-vcg,2025-02-10T23:52:21+00:00
zRDKFrI_foM,2025-02-10T11:48:32+00:00
uEkl2yAdoHw,2025-02-10T04:16:10+00:00
QtmAYsCBgQY,2025-02-10T04:05:48+00:00
bFcQtovYk2Y,2025-02-10T04:05:38+00:00
K4c36uPd57E,2025-02-10T04:03:07+00:00
lRqUD7wqRVk,2025-02-10T04:01:37+00:00
xPFTxTUKpbg,2025-02-10T04:00:11+00:00
M22yPNjqf5E,2025-02-10T02:21:38+00:00
pKytAggTQ9w,2025-02-09T12:42:06+00:00
Ml8sChk2NMc,2025-02-09T08:11:07+00:00
rGN3ca6t8xE,2025-02-09T08:11:00+00:00
MBWwve00fio,2025-02-09T08:10:52+00:00
FJwEOxS3yJc,2025-02-09T08:08:21+00:00
kRF1AP_yTPY,2025-02-09T08:07:18+00:00
bYQB0YVY7qE,2025-02-08T03:44:57+00:00
Gj6HqWCdk3s,2025-02-08T03:39:11+00:00
eGW7RMXzOIA,2025-02-08T03:38:58+00:00
8dKHb39w190,2025-02-08T02:20:12+00:00
34KhwO7Txhs,2025-02-08T02:20:06+00:00
QcThlZVr2ZI,2025-02-08T02:02:05+00:00
UJzh8X4Z8ys,2025-02-08T02:00:56+00:00
TnDDVRnhbUI,2025-02-08T02:00:51+00:00
4TY7kfKu0Xo,2025-02-08T01:44:26+00:00
uukawD5zlPU,2025-02-08T01:44:00+00:00
D1Ro7m4JZTc,2025-02-08T01:43:20+00:00
w0ndPOs8Q1c,2025-02-08T00:47:40+00:00
RAVRyJ7W9pY,2025-02-08T00:47:28+00:00
3GkpxTjAAO4,2025-02-08T00:47:25+00:00
rnFQd-8ULgM,2025-02-08T00:46:18+00:00
F37UnDaWMNI,2025-02-07T22:14:56+00:00
XoUvKq2qHio,2025-02-07T22:14:48+00:00
itV8GMdJzJw,2025-02-07T22:01:13+00:00
VpdY97gy4_g,2025-02-07T22:00:51+00:00
nx_fx2qqFWA,2025-02-07T22:00:42+00:00
rfXJGOJnv2w,2025-02-07T21:25:10+00:00
0vtCyUHz1Mo,2025-02-07T21:24:59+00:00
308KoLSLlCc,2025-02-07T18:34:15+00:00
Phns6c7j_mM,2025-02-07T17:57:45+00:00
TG6XSFeOT3g,2025-02-06T18:03:01+00:00
sEcVpn7uuJE,2025-02-06T15:25:25+00:00
1T8ZRx5FR4I,2025-02-06T15:25:22+00:00
ed6O3Rz6SFM,2025-02-06T15:24:59+00:00
ih4X6NMsQhw,2025-02-06T14:57:49+00:00
OeEHJgzqS1k,2025-02-06T02:44:14+00:00
GMxHkI-_cMA,2025-02-06T01:26:49+00:00
k2lhH8UB3Ls,2025-02-06T01:23:56+00:00
KlEvUb0w70c,2025-02-06T01:02:39+00:00
UxFm9BkSQfU,2025-02-05T21:31:59+00:00
ctQcCtiKG6g,2025-02-05T21:31:43+00:00
exBhquShfjA,2025-02-05T21:20:07+00:00
crCHZR6v4vk,2025-02-05T18:55:11+00:00
4I48N6pGu2Y,2025-02-05T17:51:01+00:00
p572p-irRaU,2025-02-05T17:50:42+00:00
q6nh5sktCnI,2025-02-05T11:01:46+00:00
4FXScrmYKQ0,2025-02-05T07:13:48+00:00
5Fxw1DqZaYA,2025-02-04T16:34:25+00:00
L2J_eNgjxio,2025-02-04T13:46:25+00:00
p_d5LZFFuJw,2025-02-04T13:44:28+00:00
4JkIs37a2JE,2025-02-04T12:50:10+00:00
ZhFH8pi6Jdo,2025-02-03T19:02:05+00:00
YP01nV5Gxfo,2025-02-03T18:44:56+00:00
oXIHezYI7Zw,2025-02-03T18:44:23+00:00
BcN31jstzm0,2025-02-03T13:27:05+00:00
hUtRCZ0OaQY,2025-02-03T02:41:37+00:00
zkArIRTFHE0,2025-02-02T19:45:50+00:00
55uDX0E5X6c,2025-02-02T07:22:14+00:00
nt1SzojVy38,2025-02-01T08:59:14+00:00
XxH43HcgNuw,2025-01-31T23:15:15+00:00
6BRZ-yHjYwo,2025-01-31T10:37:00+00:00
FecHMXgezwE,2025-01-30T20:32:26+00:00
sv2FW5DeW74,2025-01-30T16:53:58+00:00
DQdB7wFEygo,2025-01-30T16:11:02+00:00
1EevQMOGKxk,2025-01-30T13:46:18+00:00
fAf1Syz17JE,2025-01-29T12:04:42+00:00
qDUzJMpgoxc,2025-01-29T11:12:08+00:00
gY4Z-9QlZ64,2025-01-29T05:03:20+00:00
3rS4JtfgeEQ,2025-01-28T19:56:53+00:00
faiMN-KhQBM,2025-01-27T19:09:24+00:00
mAfwToVGh1s,2025-01-26T16:31:45+00:00
5KqqBMwobi4,2025-01-26T12:35:43+00:00
UsoK4j3V4aM,2025-01-25T22:36:17+00:00
qfg-E_k9fS8,2025-01-25T22:33:43+00:00
_FJ1hAr2KJ0,2025-01-25T12:12:17+00:00
lEDH-vq5l6M,2025-01-25T11:59:03+00:00
fKcywQQKqqg,2025-01-24T22:44:46+00:00
jTtsTzoIIa8,2025-01-24T19:33:50+00:00
hncuntR3UnQ,2025-01-24T14:27:21+00:00
fmFjV3_iIn0,2025-01-24T13:36:04+00:00
zLdK3uN17uI,2025-01-24T11:17:06+00:00
duFadi0qxSk,2025-01-24T09:34:25+00:00
IzkhqQNaPsY,2025-01-23T19:46:08+00:00
gIF_fypcnvg,2025-01-22T16:48:31+00:00
JEJG_Q5KaJw,2025-01-22T13:36:44+00:00
G9wI7l_-I_k,2025-01-21T13:02:32+00:00
LS4yz39xxfo,2025-01-19T13:34:09+00:00
KHGoFDB-raE,2025-01-16T17:59:07+00:00
V31VfV84FvY,2025-01-16T06:34:58+00:00
rwNiFmfLI9o,2025-01-15T13:42:03+00:00
WdWkrqqEYuQ,2025-01-15T04:21:34+00:00
zRnnuImT930,2025-01-14T07:44:31+00:00
OaLHsrjrdD0,2025-01-13T02:31:39+00:00
-dBdJ7kyqyo,2025-01-12T04:45:43+00:00
6kf6M8h-9I8,2025-01-09T06:02:05+00:00
SYm1tyVPj-A,2025-01-08T05:31:49+00:00
NS2pmbfFjTk,2025-01-08T03:41:18+00:00
sSmnnNWwJPg,2025-01-06T15:27:33+00:00
5uxYWvJ1qdk,2025-01-06T12:18:54+00:00
4Az7JHFq9RE,2025-01-06T04:59:02+00:00
OpaTs5xSvYc,2025-01-04T05:33:01+00:00
v7sj8XiresY,2025-01-03T23:34:55+00:00
TbwhCMrgEiM,2025-01-03T23:34:24+00:00
SMg17Z-Nv2w,2025-01-03T23:00:19+00:00
C2pKBqhQmY8,2025-01-02T16:03:41+00:00
bpi03G3C9Pw,2025-01-02T13:21:59+00:00
KwdrJTX4tvc,2025-01-02T08:28:29+00:00
Nlxrc3iHt8w,2024-12-31T16:37:45+00:00
MOgHbDHByZ8,2024-12-31T12:23:49+00:00
Mxd9xtC6r2Y,2024-12-30T18:05:19+00:00
ztYfJDTjpjk,2024-12-30T17:09:55+00:00
wmeOacpXP70,2024-12-30T13:39:44+00:00
jw1vYgM6zbc,2024-12-30T11:26:38+00:00
kinRYXiMmyg,2024-12-30T10:26:19+00:00
aGrxSAxO8BE,2024-12-29T19:31:00+00:00
GigsSwvLMwE,2024-12-29T17:40:45+00:00
m3W4Nlu3oa8,2024-12-29T15:58:12+00:00
2Spr24cNx0g,2024-12-29T15:56:55+00:00
Ud7Npgi6x8E,2024-12-29T00:44:35+00:00
ose7FlC2KW4,2024-12-28T21:16:35+00:00
xEAhkUX7nVI,2024-12-28T21:16:22+00:00
CS-QGCbCbRk,2024-12-28T10:47:23+00:00
dx3R0BobTbw,2024-12-28T09:46:52+00:00
hhg-GyldRE4,2024-12-27T11:17:57+00:00
woIkysZytSs,2024-12-26T13:19:12+00:00
RcYSzFkCWhk,2024-12-26T12:35:45+00:00
Voj8r8nkvhA,2024-12-26T12:21:05+00:00
71s03S2dLnM,2024-12-26T11:00:39+00:00
nZa-Vqu-_fU,2024-12-26T10:22:05+00:00
lM_LsfVpwz4,2024-12-26T07:34:34+00:00
s8v3-gVhU-Q,2024-12-26T07:34:24+00:00
Rtxha_8WwrI,2024-12-25T13:17:02+00:00
qK9sL4_A9Kk,2024-12-24T19:57:00+00:00
jBZjYc2BLcM,2024-12-24T19:24:09+00:00
DAvaa2h_Hog,2024-12-24T06:22:36+00:00
mhYS59egWQc,2024-12-24T06:22:30+00:00
zWs84iVjbpM,2024-12-24T06:22:02+00:00
Lq4Nt3bpQTA,2024-12-23T16:53:06+00:00
_gpdEcpfJCE,2024-12-23T16:53:02+00:00
pk-O2YicCP4,2024-12-23T16:43:14+00:00
U6hwV1i3tv4,2024-12-23T12:56:00+00:00
KC2R9JySqbU,2024-12-23T11:39:09+00:00
65_DgLwjePA,2024-12-23T04:41:17+00:00
GmJI6qIqURA,2024-12-22T17:57:01+00:00
eMXmc_-aoUM,2024-12-18T15:52:07+00:00
OpHgSoPxkp0,2024-12-18T14:26:56+00:00
K-S3DNXHSao,2024-12-18T14:03:05+00:00
sGw7v-wAQ2s,2024-12-17T07:30:06+00:00
aNYAgLFZ4z8,2024-12-15T17:32:47+00:00
9wTSaVOVAGo,2024-12-15T13:45:12+00:00
2NCWckYqh4w,2024-12-15T12:45:11+00:00
nZVDRMq9WVY,2024-12-15T12:39:42+00:00
B_HR2R3xsnQ,2024-12-15T11:03:58+00:00
bWzzkD78ETA,2024-12-14T20:23:26+00:00
dHtuoKqSif0,2024-12-14T20:23:20+00:00
Z_wNqGgkvvw,2024-12-14T20:23:15+00:00
haEswB-liBA,2024-12-14T16:55:43+00:00
OX8YoMLaEgk,2024-12-14T16:54:13+00:00
Fx7F0BbzY8E,2024-12-14T16:53:54+00:00
WAJyPHW-spU,2024-12-14T15:58:13+00:00
w3IL29EeFMo,2024-12-14T12:09:07+00:00
v-e9FheK5ZA,2024-12-14T11:23:25+00:00
EJUXP5zumOc,2024-12-14T05:46:54+00:00
HiDPTiFHfcs,2024-12-13T15:24:10+00:00
hpwyjcd3Ioc,2024-12-12T06:41:54+00:00
0kN7fUHpCrc,2024-12-11T14:25:52+00:00
yB6MCcaFMEo,2024-12-11T12:23:42+00:00
_7WlsENdEzo,2024-12-10T17:34:06+00:00
N1VC2SiUaz0,2024-12-10T17:18:35+00:00
DQAciqhO_rA,2024-12-10T17:18:12+00:00
b8aA9atkihA,2024-12-09T17:45:43+00:00
lXDak-kmdeU,2024-12-09T05:48:55+00:00
2DWtkSVNvTg,2024-12-09T05:48:49+00:00
OjU6KwF5530,2024-12-07T01:25:25+00:00
jVaECjuC1-U,2024-12-06T21:51:06+00:00
7E8JJUnFNo4,2024-12-06T21:49:40+00:00
4HJ6Tmnu5Vg,2024-12-06T21:49:26+00:00
BmUZ2wp1lM8,2024-12-06T21:49:18+00:00
ryVG5LHRMJ4,2024-12-06T21:49:05+00:00
If6OJBbi_-8,2024-12-02T13:16:53+00:00
ISDm93nd3-4,2024-12-02T05:37:24+00:00
iUKQhCGUHWc,2024-12-01T11:52:51+00:00
5_GdUZxvqrI,2024-11-30T22:48:38+00:00
irlrT3zvsqQ,2024-11-29T23:14:18+00:00
QiVzOXP5HqU,2024-11-29T22:17:03+00:00
ijQvgERWKjA,2024-11-29T18:52:41+00:00
lO3Fvz06lzc,2024-11-29T18:17:00+00:00
dnE7c0ELEH8,2024-11-29T14:33:41+00:00
-AzSRHiV9Cc,2024-11-29T10:55:50+00:00
TwKpj2ISQAc,2024-11-29T10:40:24+00:00
Q4ePx1vEkVI,2024-11-27T16:57:25+00:00
TnKMxBiRKvY,2024-11-27T16:57:14+00:00
vWyMJbAmArk,2024-11-27T16:55:16+00:00
p-ygZCnbWuc,2024-11-27T16:14:11+00:00
uhuU-jzr00k,2024-11-27T05:01:27+00:00
6SSbROX3GxM,2024-11-27T01:35:16+00:00
Kqx9blbYDB0,2024-11-26T14:09:11+00:00
fYaoB_Mwm_M,2024-11-26T01:13:26+00:00
xNfgRhOmtsk,2024-11-24T21:31:12+00:00
cRrcVGyKrKM,2024-11-23T22:11:08+00:00
ty9ul-7KL0c,2024-11-23T20:57:03+00:00
k1dj2YwKhb4,2024-11-23T20:55:41+00:00
mqSzJnQm3qQ,2024-11-23T19:29:01+00:00
C9i_j6h2kh8,2024-11-23T16:45:42+00:00
UJORphDLEwE,2024-11-23T16:45:40+00:00
FtCV421T52s,2024-11-22T20:24:07+00:00
uPNr2CZ5Qis,2024-11-22T20:23:26+00:00
7LPuXowifJ4,2024-11-22T19:46:48+00:00
lO2852iyHQ0,2024-11-22T18:49:24+00:00
EaOXeDo1y6A,2024-11-22T18:02:40+00:00
OjEg0IBR_ak,2024-11-22T18:02:24+00:00
qJuF58CjwIA,2024-11-22T18:02:02+00:00
Fud7IU8i3w8,2024-11-22T18:01:46+00:00
MzmyaskFVK0,2024-11-22T18:00:14+00:00
PM1QMGPL79A,2024-11-22T17:24:13+00:00
A_hH-JkXD_c,2024-11-22T16:29:58+00:00
14AQjqrkwAg,2024-11-22T15:06:00+00:00
h_VtVdTQFcA,2024-11-21T16:20:03+00:00
8XVI_Zrvz3c,2024-11-21T15:40:44+00:00
5anTYHWuMSA,2024-11-21T07:05:14+00:00
JiQVHjwZRfk,2024-11-20T15:02:40+00:00
FCNg8KyMmGI,2024-11-20T15:02:24+00:00
Krl_yzDDmJ0,2024-11-20T05:50:27+00:00
DlHnlhuceuo,2024-11-19T21:25:33+00:00
sSuD5Fp9oLw,2024-11-19T20:30:35+00:00
Xl-edCJVFfA,2024-11-19T20:20:49+00:00
h1SZJLOxyLQ,2024-11-19T18:22:29+00:00
l30sADfDiM8,2024-11-19T12:49:42+00:00
pAQbdD1YhdI,2024-11-19T12:24:35+00:00
cU_d6ZFPu74,2024-11-19T11:22:06+00:00
w4O4WRfnrls,2024-11-19T06:10:07+00:00
TSFJ2OH1PQA,2024-11-18T14:31:34+00:00
f-txoU7tpGU,2024-11-17T13:15:16+00:00
kbqcLpxbHl4,2024-11-17T12:21:41+00:00
z33egsRqpWA,2024-11-16T21:26:39+00:00
ewum8BJgNSc,2024-11-16T21:25:43+00:00
3MxxYLmRNl8,2024-11-16T21:25:22+00:00
spVzldMqoLo,2024-11-16T08:38:10+00:00
aq4G-7v-_xI,2024-11-15T17:56:47+00:00
G04seKqH8XI,2024-11-15T17:50:47+00:00
Xs5OgxdoBj4,2024-11-15T17:49:00+00:00
XRNld6ZHtvE,2024-11-15T11:57:45+00:00
s7XAxiJGJdg,2024-11-13T13:38:06+00:00
a5wen70pNKU,2024-11-13T04:02:23+00:00
llTZ-drTvSY,2024-11-12T13:25:04+00:00
tWf1qqcXQgQ,2024-11-12T13:24:53+00:00
cFhmWVy4CUo,2024-11-11T12:46:21+00:00
U2rjnYyk6ds,2024-11-11T06:57:06+00:00
XYtlQE8_w90,2024-11-11T04:44:31+00:00
YqEn67MhG6I,2024-11-11T03:40:30+00:00
zXvwVF6_oqo,2024-11-10T17:32:49+00:00
DrqxZ0X9vqs,2024-11-10T05:02:32+00:00
g3Spufv88o4,2024-11-09T16:45:06+00:00
JDm6kxxT-_E,2024-11-09T10:40:47+00:00
Ay6pJSVslAw,2024-11-08T12:34:22+00:00
FicnEUXzqr4,2024-11-07T14:43:10+00:00
mOKRvQTr6PI,2024-11-05T12:32:21+00:00
B-fW-ykVWVA,2024-11-05T01:03:09+00:00
x2ulsZ6aGXY,2024-11-04T13:39:11+00:00
hgapU82M2gQ,2024-11-04T13:27:16+00:00
iRtG4xqyuTc,2024-11-04T12:55:06+00:00
dpfQ6jZ4RJc,2024-11-04T12:43:56+00:00
ZsKJjfAZNZo,2024-11-03T11:11:32+00:00
qDCB7JD15YA,2024-11-03T07:19:37+00:00
yiDThvhadss,2024-11-02T11:24:11+00:00
Vae_SDR9NDo,2024-11-01T23:06:19+00:00
66YCVbBVLUM,2024-11-01T21:15:30+00:00
SRqVuAUP2N0,2024-11-01T15:35:47+00:00
gJE0ukV5gFY,2024-10-31T17:24:56+00:00
fcI_7UOCAQo,2024-10-31T03:01:39+00:00
TETJMDGrDZo,2024-10-30T11:44:50+00:00
uQoEEKprn_I,2024-10-30T02:30:21+00:00
beAa4WB9nRE,2024-10-30T02:30:14+00:00
Q10_srZ-pbs,2024-10-30T02:29:49+00:00
oYxnrNkYx-U,2024-10-29T22:12:14+00:00
affKkU06esA,2024-10-29T22:04:19+00:00
8KSl_lMN7-c,2024-10-29T19:54:57+00:00
b6PN8bnaDHg,2024-10-29T09:38:08+00:00
kvKtxdcOv00,2024-10-29T02:50:19+00:00
9_3mbfchlQE,2024-10-28T23:32:08+00:00
MqGKxCyWt4o,2024-10-28T23:31:33+00:00
MPANooz_b9Q,2024-10-28T23:31:15+00:00
wXZgUudR41I,2024-10-28T22:36:55+00:00
TyiIYx2W6BE,2024-10-28T22:34:12+00:00
aH7JvolnqP4,2024-10-28T18:30:12+00:00
3UOyky9sEQY,2024-10-28T18:14:41+00:00
x44bda1dz84,2024-10-28T10:38:31+00:00
Ujfw2N0A4lo,2024-10-28T06:34:34+00:00
WM_jXZuA90U,2024-10-28T06:33:58+00:00
bKutidPJyxo,2024-10-28T03:32:58+00:00
rD5emy5Ndpg,2024-10-28T00:41:10+00:00
Rp2zmj90V0k,2024-10-28T00:40:55+00:00
qOWsd4FomnI,2024-10-27T18:14:19+00:00
u-M2VuHsaxs,2024-10-27T13:09:35+00:00
NiuX1lYuutk,2024-10-27T11:37:40+00:00
InRAdkXQc_I,2024-10-26T21:36:52+00:00
Vy2ju_qPtuM,2024-10-26T21:17:29+00:00
AL88UNqiInc,2024-10-26T21:16:49+00:00
Oc91iOxcB3c,2024-10-26T21:10:52+00:00
ruZUOQMIejk,2024-10-26T21:08:07+00:00
cyJJE6D5Mr8,2024-10-26T13:26:48+00:00
CkEV4sZQFzk,2024-10-26T06:00:11+00:00
1iE39l3Rdt4,2024-10-25T18:46:38+00:00
6Gh-rfPuPUg,2024-10-25T18:46:13+00:00
XuQVbZ0wENE,2024-10-25T18:19:05+00:00
ty_-zHrfEUY,2024-10-25T18:17:29+00:00
irt1_4-IJmY,2024-10-25T17:01:21+00:00
7LnZBamDhaw,2024-10-25T14:13:07+00:00
HL1XavoNqsM,2024-10-25T13:23:32+00:00
PSkFUemQ8Uw,2024-10-25T11:02:40+00:00
_qZI6i21jB4,2024-10-25T10:48:55+00:00
n8vmXvoVjZw,2024-10-25T10:47:15+00:00
jGl_nZ7V0wE,2024-10-25T00:21:35+00:00
G0_wVLhI-Ds,2024-10-24T23:36:25+00:00
XMZrIXjxrLI,2024-10-24T20:09:48+00:00
tKM2N4TQHQY,2024-10-24T19:03:26+00:00
JOzTpZegR-4,2024-10-24T18:25:10+00:00
8874w7iWZ54,2024-10-24T17:58:32+00:00
9rGRF5S7bGk,2024-10-24T17:58:15+00:00
Hqqv46DgxLs,2024-10-24T14:48:29+00:00
jb7LHeFGuVQ,2024-10-23T17:06:13+00:00
mAdodMaERp0,2024-10-23T17:05:20+00:00
-3IWt7xXbQs,2024-10-23T11:18:21+00:00
4I_rSgyy6GU,2024-10-21T14:12:17+00:00
TQi2YaZ5yNY,2024-10-21T02:51:58+00:00
ANnhj7GZtQk,2024-10-21T02:51:09+00:00
2f8sybcS3ek,2024-10-21T02:50:46+00:00
KUau7vVa5pQ,2024-10-20T14:23:20+00:00
sPgc0iiF4Rs,2024-10-20T12:14:35+00:00
UFsC39l_ddk,2024-10-20T12:13:51+00:00
NEoBd6hVLnw,2024-10-17T17:31:04+00:00
RItD1vKUMWg,2024-10-17T17:30:52+00:00
5TKZsnujzk0,2024-10-17T04:55:48+00:00
PmrmIWKkC1c,2024-10-15T07:12:41+00:00
U9Y1Gsjj5iU,2024-10-14T11:40:33+00:00
3RbTNG2n00o,2024-10-13T18:17:44+00:00
0z6pG_s2sos,2024-10-12T21:15:07+00:00
uP4Dp9I_dA0,2024-10-12T21:08:11+00:00
vhFm62msNGc,2024-10-10T08:09:07+00:00
3U2aafQmOgk,2024-10-08T21:16:17+00:00
qRk4Vc73u40,2024-10-08T13:26:49+00:00
HHEt-T5IEVo,2024-10-07T20:40:47+00:00
CtT_Q5KdtFs,2024-10-05T16:20:21+00:00
jhLZK-jWX8o,2024-10-05T16:19:57+00:00
NDhGUsOJILo,2024-10-05T14:16:52+00:00
JJ3_KpYCHxc,2024-10-04T18:02:07+00:00
-IudP7eYVLc,2024-10-04T16:11:17+00:00
8ZFQG2e87ZU,2024-10-04T14:26:34+00:00
ke7Bz24V3zk,2024-10-04T13:50:33+00:00
_8sg_6lOU1w,2024-10-03T18:27:26+00:00
GgUNY5qjbPc,2024-10-03T16:52:37+00:00
98SdMoq4kcc,2024-10-01T11:54:20+00:00
PcMua73C_94,2024-10-01T11:34:00+00:00
7_8glRQ4NBA,2024-10-01T06:46:03+00:00
Sy_M7xlwhiA,2024-09-30T11:33:58+00:00
t9GllR4mEsg,2024-09-30T11:13:15+00:00
Tid_OYR2ZZI,2024-09-30T10:57:31+00:00
vDIye1TeNw4,2024-09-30T10:56:48+00:00
6kNV7yZuKpI,2024-09-30T10:56:44+00:00
feq6MOg3qpA,2024-09-26T16:09:36+00:00
V77iPZ_eCus,2024-09-26T15:58:03+00:00
_Ukw5oygQtI,2024-09-25T18:27:43+00:00
kGd8d5CZXYU,2024-09-25T18:27:34+00:00
q6mW6dPYSU4,2024-09-25T05:37:24+00:00
ulfarxOfVR4,2024-09-22T02:37:33+00:00
NpjDyhGyjNk,2024-09-21T04:04:55+00:00
OF8PNszluyQ,2024-09-20T10:43:46+00:00
CwzaVzIhgmk,2024-09-20T09:28:13+00:00
EXOwPbQRYNE,2024-09-19T15:41:08+00:00
txvYcUGUzaQ,2024-09-19T12:23:23+00:00
k9KCaUA1S08,2024-09-18T04:19:06+00:00
4JhQB_DYdQo,2024-09-17T06:21:13+00:00
MYB0SVTGRj4,2024-09-17T03:13:31+00:00
kh8g92rn7bQ,2024-09-15T21:27:33+00:00
DQJXZHC51oA,2024-09-15T21:27:19+00:00
EWZaLhfpI1E,2024-09-15T21:26:31+00:00
qdHipyZgOTY,2024-09-15T19:19:58+00:00
2VnUJ7Qkw8A,2024-09-15T19:19:14+00:00
W9ggP26yH7A,2024-09-14T17:03:08+00:00
1aBvGJHetUM,2024-09-14T16:22:18+00:00
gsZghMnIMY4,2024-09-14T14:05:11+00:00
UTLNbZicluk,2024-09-14T14:00:18+00:00
XRUKjm01vg4,2024-09-13T16:55:46+00:00
KQ-wJbvS0Uw,2024-09-13T03:51:21+00:00
_EAsFi0ZE9Y,2024-09-13T03:48:21+00:00
igcboyJErqg,2024-09-12T14:08:28+00:00
wUkHSPdudn4,2024-09-12T13:03:48+00:00
Ia6m3pIIS2k,2024-09-11T17:26:30+00:00
LIqpT0_ul8s,2024-09-11T13:39:38+00:00
wrShOz4yStY,2024-09-11T13:22:56+00:00
Ct1gKn3Wmzg,2024-09-11T13:22:46+00:00
ARE-a1g33ic,2024-09-11T13:22:37+00:00
uFnTozl78r8,2024-09-11T13:10:17+00:00
UOjyygQ9MRQ,2024-09-11T05:58:36+00:00
yMJEc-MDNFk,2024-09-11T04:54:28+00:00
QSVhCBy9-gw,2024-09-10T15:55:21+00:00
8rVXuDUqt4c,2024-09-10T15:38:59+00:00
stR5ShSeAGM,2024-09-10T12:12:31+00:00
m4reqXABLSU,2024-09-10T08:04:49+00:00
Glyx85xuw_M,2024-09-10T00:40:32+00:00
pF3GSmHn3N0,2024-09-09T23:16:30+00:00
HBECSvK0c-I,2024-09-09T02:32:47+00:00
QnRTXSvpEos,2024-09-08T18:22:41+00:00
IoFs79DSBGA,2024-09-08T18:22:24+00:00
zA3irEhwIX4,2024-09-07T23:29:40+00:00
67Rg8V4g3ak,2024-09-06T14:41:48+00:00
XJr_xGYJ8Bc,2024-09-06T12:20:37+00:00
d3TqrAoX_WA,2024-09-06T10:59:27+00:00
TPtgeFzQTrk,2024-09-06T03:29:00+00:00
lYaDXZ2MI-k,2024-09-06T00:50:25+00:00
AD23voSRhCM,2024-09-05T02:18:21+00:00
0tM-l_ZsxjU,2024-09-04T23:32:35+00:00
Qd-jJjduWeQ,2024-09-04T23:32:28+00:00
9Jq-17KImSM,2024-09-04T19:22:29+00:00
IUNH0cF8-ek,2024-09-04T11:08:24+00:00
cZMeftHfDV4,2024-09-04T11:01:05+00:00
CftEMc4MO2E,2024-09-03T18:49:05+00:00
jLX1-tNnvEo,2024-09-03T18:48:40+00:00
N-E0RjYGNZ0,2024-09-03T18:48:00+00:00
RMXMVy9BQNY,2024-09-03T18:47:19+00:00
Pt_1k7nSv1M,2024-09-03T12:36:12+00:00
7YzXC8g0vFk,2024-09-03T12:06:52+00:00
BucSbzYXqKM,2024-09-03T07:17:53+00:00
EGpKwb4-M1o,2024-09-02T05:52:54+00:00
cqnVz3qACQ4,2024-09-01T18:36:53+00:00
TnNv7Zvui6E,2024-09-01T06:54:40+00:00
e1lVV0nguZ8,2024-08-31T00:12:24+00:00
32mGG57PDJ8,2024-08-31T00:12:00+00:00
Uy8quiV047U,2024-08-29T17:55:38+00:00
LncmxVL5gLM,2024-08-29T13:32:14+00:00
wA91o3pWKOY,2024-08-29T12:45:11+00:00
cLqGOf7e13g,2024-08-28T19:52:52+00:00
drJAyvMKNXM,2024-08-28T19:15:06+00:00
krhvPl6x7bw,2024-08-28T19:14:52+00:00
kEhvbcEUiN4,2024-08-28T19:06:56+00:00
QRRK4ooUkjk,2024-08-28T15:17:22+00:00
tARPWiuCQ6U,2024-08-28T14:58:23+00:00
SNqWAPieEXY,2024-08-28T10:55:36+00:00
rtTWtzWav8I,2024-08-27T17:50:32+00:00
IuRWqzfX1ik,2024-08-27T12:46:13+00:00
vS-b_RUtL1A,2024-08-27T11:07:22+00:00
eNR-9si0w-s,2024-08-27T08:11:38+00:00
wJKNL0nWRlU,2024-08-27T08:11:20+00:00
-m7iS1TvphE,2024-08-26T18:08:17+00:00
CAd4I_LW_Fs,2024-08-26T15:08:31+00:00
5vBZj_nq0qU,2024-08-26T05:13:05+00:00
qiOtinFFfk8,2024-08-25T20:48:48+00:00
lGDm_HuswfA,2024-08-25T20:48:43+00:00
I9FZNlL0Bvg,2024-08-25T20:48:28+00:00
N1g-zwdbmSE,2024-08-25T17:17:00+00:00
RCq7l7IpUbM,2024-08-25T06:51:02+00:00
7aKVyjH4M6I,2024-08-25T06:50:43+00:00
gri-SMx0GAI,2024-08-24T21:46:08+00:00
RFfKtk0AxRo,2024-08-24T20:53:21+00:00
fLPjI9bVIsc,2024-08-24T20:11:22+00:00
LwzQtDxyElM,2024-08-24T16:16:24+00:00
fTOwZmx26Lg,2024-08-24T15:25:23+00:00
Cm-hTM13jMk,2024-08-24T13:31:30+00:00
kmun64kWopw,2024-08-24T10:51:53+00:00
-OoHrb-05dE,2024-08-24T10:49:51+00:00
48wo5KINI_g,2024-08-24T10:49:27+00:00
Z-uvUC-ooOo,2024-08-23T22:57:25+00:00
wvgehVhF9D4,2024-08-23T20:11:40+00:00
MdLHKdn0JTY,2024-08-23T17:43:47+00:00
qClVsORsAAQ,2024-08-23T17:42:43+00:00
c8npTV13B1s,2024-08-21T17:16:37+00:00
3AmUDVA0iTA,2024-08-21T16:58:13+00:00
MzxYyYh55Vw,2024-08-20T18:09:44+00:00
_aSZ4AfSVWQ,2024-08-20T17:00:13+00:00
GO8NoZ7d8H4,2024-08-20T17:00:04+00:00
xU6MdIBl2uI,2024-08-20T16:58:42+00:00
oJhCGVyRyiw,2024-08-20T12:46:08+00:00
Ynd63aBFRKE,2024-08-20T12:41:38+00:00
VgDytOsG6Xo,2024-08-20T12:41:26+00:00
7zmfm9xOvD8,2024-08-20T12:40:50+00:00
yP8BpjNhl_M,2024-08-20T10:53:04+00:00
Q5jIZIZ_HMo,2024-08-19T16:29:46+00:00
ZsFeKG_PvpU,2024-08-19T16:28:37+00:00
lAB2U46N06Q,2024-08-19T12:33:19+00:00
zEATm-YiQuY,2024-08-19T12:32:49+00:00
8mUnm1dghRY,2024-08-19T12:30:47+00:00
JdmnL6QnsRs,2024-08-19T10:47:15+00:00
i5M1Y2JaL5U,2024-08-17T14:33:01+00:00
hqbmKtal_ac,2024-08-17T10:10:34+00:00
fIpjv168png,2024-08-17T10:07:36+00:00
3eFqbDFOV1c,2024-08-17T04:38:59+00:00
B2JHChJpG_A,2024-08-16T12:27:20+00:00
Dl-BdxNRUqs,2024-08-16T12:27:09+00:00
GBXpSr1TXgk,2024-08-16T11:26:52+00:00
Q1TzYZ6kf8U,2024-08-16T05:34:55+00:00
445yxZbj4H4,2024-08-14T16:20:06+00:00
xZHEC39rNKA,2024-08-13T15:52:37+00:00
HsS_c-BwiuI,2024-08-13T13:04:25+00:00
EjJ8F_V8yuQ,2024-08-13T10:56:04+00:00
s5IK1ba6xEc,2024-08-13T01:35:43+00:00
_DDT3SC29ug,2024-08-11T22:03:11+00:00
9HrYowneTvo,2024-08-11T19:53:54+00:00
RtnwB1k6SOQ,2024-08-11T19:40:24+00:00
3_7gC3g_EEQ,2024-08-11T19:40:17+00:00
i7smwrmebXw,2024-08-11T18:29:25+00:00
-RUSDMWVOYI,2024-08-11T03:42:56+00:00
UIa0-oegGl4,2024-08-11T03:35:06+00:00
TKX29fJ8U2Y,2024-08-10T19:33:46+00:00
T_ySEcQ_uuA,2024-08-10T15:08:16+00:00
5j1Yp7QFU2I,2024-08-10T14:59:30+00:00
Xhgr-NooEHw,2024-08-10T14:08:09+00:00
iaUqaOi8NkM,2024-08-10T06:05:45+00:00
d9zce-YCxdA,2024-08-10T02:23:49+00:00
X5aI2AGvkb4,2024-08-09T20:03:52+00:00
dWkxoofiCsE,2024-08-09T08:51:26+00:00
0okgr70Afq4,2024-08-08T20:55:47+00:00
5_FRp4acwRA,2024-08-08T11:45:27+00:00
TsxAVFQkXQ8,2024-08-07T22:44:46+00:00
bjWidyu1hZk,2024-08-07T20:20:52+00:00
2KaihgZrJdw,2024-08-07T20:20:13+00:00
zlF07JTJI8o,2024-08-07T16:47:15+00:00
LN-k7IRWMZ0,2024-08-07T15:24:05+00:00
bNaWeH9ehns,2024-08-07T00:06:02+00:00
S3v6aY8LSXo,2024-08-07T00:04:34+00:00
f5EnxE6X9bc,2024-08-07T00:03:26+00:00
_MOPlSPhgok,2024-08-07T00:02:55+00:00
obztdv3cDK4,2024-08-06T23:37:56+00:00
WFRDnGOJ78g,2024-08-06T23:37:49+00:00
MECWMGLGU5c,2024-08-06T22:37:37+00:00
8hkiTQj5tJ4,2024-08-06T22:37:26+00:00
c4XRDNEW2no,2024-08-06T22:27:12+00:00
MrWRG7LX2Qs,2024-08-06T19:24:57+00:00
e1zJS31tr88,2024-08-06T09:30:30+00:00
k93eOY9GbRI,2024-08-06T09:11:15+00:00
1QNjwM2a87g,2024-08-04T20:56:05+00:00
WEqRmaeS0II,2024-08-04T18:37:07+00:00
COyTEDJu5zs,2024-08-04T10:54:13+00:00
XftdMp3kDHo,2024-08-03T06:40:28+00:00
AutAt9gOM5c,2024-08-03T00:05:36+00:00
k12GGnTxyhI,2024-08-02T18:21:22+00:00
s0jvpudqnOQ,2024-08-02T17:38:36+00:00
rTSEr0cRJY8,2024-08-02T17:25:46+00:00
Z6iWnivweyY,2024-08-02T16:30:58+00:00
TMgcME8enEU,2024-08-02T16:29:22+00:00
x7qoVS1leqo,2024-08-02T16:01:42+00:00
1D1WNZRhuRU,2024-08-02T16:00:55+00:00
YTxjbqvtGNw,2024-08-02T14:07:05+00:00
B5iDAFyrm2A,2024-08-01T11:47:34+00:00
FxNhA_wido0,2024-07-31T18:00:36+00:00
rhiLGSAAfZQ,2024-07-30T17:37:51+00:00
Feny5bs2JCg,2024-07-30T17:37:33+00:00
bIX_ouNJsTs,2024-07-30T17:36:52+00:00
05Z_bkdmmlA,2024-07-30T17:35:58+00:00
lxJZY9ibrw8,2024-07-30T17:35:47+00:00
CKTzGhyuoFI,2024-07-30T17:35:10+00:00
8jULhy9S8F0,2024-07-30T17:34:23+00:00
0SIDDkRHROM,2024-07-30T17:33:32+00:00
lYZhunRnK00,2024-07-30T16:14:03+00:00
7OxoXTtu0wo,2024-07-30T16:11:09+00:00
i665pq6JhqU,2024-07-30T16:10:58+00:00
sZK0sE_bPgI,2024-07-30T16:10:43+00:00
hE_6O96wVmw,2024-07-30T16:10:36+00:00
Oh6ijalF3hA,2024-07-30T16:07:29+00:00
2S3Hg191Eu0,2024-07-30T14:56:16+00:00
kqo5Rh2Aam0,2024-07-30T13:02:48+00:00
MJoOLWwpKws,2024-07-30T13:01:02+00:00
oOMMr-gyPCc,2024-07-30T13:00:47+00:00
-Ca8zM3WyVw,2024-07-30T10:46:28+00:00
d1cwOrMqi4M,2024-07-30T10:22:20+00:00
z0z7sMYUD8U,2024-07-30T10:20:18+00:00
BcUzuwP-WPI,2024-07-30T07:18:18+00:00
CoFwZZCbiK4,2024-07-30T07:01:34+00:00
5CtxyrVBhVE,2024-07-30T07:01:25+00:00
v2VNmufHRN4,2024-07-30T06:58:13+00:00
qUBoFjhD4Qs,2024-07-30T06:13:49+00:00
XVXW9kOsLjw,2024-07-30T06:13:26+00:00
Rq4dLo-lFtQ,2024-07-30T05:20:15+00:00
crdMEST5vMU,2024-07-29T12:35:27+00:00
nbjwYFo8SsQ,2024-07-29T12:35:15+00:00
zyZY1dq5BFc,2024-07-29T12:35:11+00:00
AXXuDR7haxQ,2024-07-29T12:35:02+00:00
kQmwbhwU9Gw,2024-07-29T12:29:58+00:00
B0DAt_drGt8,2024-07-29T12:29:51+00:00
MxH_jxE9Jz4,2024-07-29T12:29:39+00:00
PoT_NHoRKFI,2024-07-28T18:47:14+00:00
oE1Rm7F7f20,2024-07-28T18:47:05+00:00
QejjAlTyvDU,2024-07-28T18:46:59+00:00
7Ron6MN45LY,2024-07-28T17:41:36+00:00
LJBmH-U-7kU,2024-07-28T17:33:45+00:00
tHl3ozuNrHg,2024-07-28T16:49:29+00:00
33Pw6NqH6LU,2024-07-28T16:49:26+00:00
M2xGsUBDec0,2024-07-28T13:06:21+00:00
4Q-ZQFTr1XI,2024-07-28T13:06:04+00:00
M7mxGZ1vSzc,2024-07-17T11:13:32+00:00
7JAmKyIzUmI,2024-07-16T17:08:26+00:00
IYOkTwtulj8,2024-07-16T13:49:05+00:00
5o7o2VwxLgQ,2024-07-16T09:11:42+00:00
KdoaiGTIBY4,2024-07-16T08:33:46+00:00
06Nhpu9mqyg,2024-07-15T14:28:28+00:00
8kTZQ9N8iv8,2024-07-14T12:40:38+00:00
c_n7_dboUgk,2024-07-14T12:40:22+00:00
Jyu97t0KI2c,2024-07-14T11:13:24+00:00
FCBD9iaAJ5I,2024-07-13T14:48:48+00:00
zH5xhN1oz4w,2024-07-12T21:13:59+00:00
gl7sR7eLaPQ,2024-07-12T21:13:45+00:00
pxGS4GvTTJw,2024-07-12T14:52:19+00:00
MRRN6Ed_aWc,2024-07-12T14:52:08+00:00
Y93ikYzIkTg,2024-07-12T11:19:35+00:00
8nzdyPqId-A,2024-07-11T15:43:14+00:00
NSHsaG2a4WU,2024-07-10T14:22:26+00:00
QUT1VHiLmmI,2024-07-10T14:08:41+00:00
k7tByIgkytA,2024-07-10T13:47:09+00:00
HUzlFbUp_tk,2024-07-10T12:08:33+00:00
102cwxYt-cY,2024-07-08T16:33:12+00:00
eANjGomWZp4,2024-07-08T04:49:13+00:00
hPRqASBHwUM,2024-07-07T15:49:44+00:00
iwGVLiFL-Lw,2024-07-07T07:03:34+00:00
3PvDDeLqXSM,2024-07-06T13:12:07+00:00
cMbNGUW0MFg,2024-07-06T13:11:21+00:00
9sfYpolGCu8,2024-07-06T12:58:42+00:00
n2B-FClr5rA,2024-07-06T12:58:17+00:00
0kNF4-nYd1o,2024-07-06T05:58:22+00:00
04fjdESHThY,2024-07-06T05:55:26+00:00
FseXEJ7myk4,2024-07-05T12:26:45+00:00
4yb9cx83K20,2024-07-03T14:15:39+00:00
5AfecrqOMRM,2024-07-03T14:01:21+00:00
cwaaX9PRnF4,2024-07-03T11:26:29+00:00
Ov3eTU8173Q,2024-07-02T03:24:25+00:00
qf6RCtDeK4g,2024-07-02T02:13:25+00:00
0UmsI_V8_v8,2024-07-01T02:25:47+00:00
aZ1Zp3gNcEI,2024-06-30T13:39:52+00:00
pM7tTD3T25I,2024-06-30T09:42:00+00:00
FNRwcSzRE0g,2024-06-30T01:57:08+00:00
VM8CSYby9SQ,2024-06-29T01:03:26+00:00
TXk8CoMdxD8,2024-06-28T15:08:27+00:00
iZoh-mZLln8,2024-06-28T14:50:11+00:00
UbY3_0RvmWw,2024-06-27T01:49:49+00:00
RhtDllnA49A,2024-06-25T21:30:06+00:00
-C5GVYAWauA,2024-06-25T21:22:42+00:00
ophRABbZ8-Q,2024-06-25T20:28:32+00:00
Lqorlp-_lSk,2024-06-25T20:27:48+00:00
v38w5djsbXM,2024-06-25T12:46:16+00:00
BadajqCJG3w,2024-06-25T06:46:04+00:00
FXVjZ8AhvTc,2024-06-23T16:38:42+00:00
jTZt52mH5Z0,2024-06-23T05:13:10+00:00
gCUWjySiRvw,2024-06-23T05:06:29+00:00
p60rN9JEapg,2024-06-23T03:53:12+00:00
ybQJ_qSBeyQ,2024-06-21T20:28:23+00:00
bHtlajEsrpI,2024-06-19T17:45:36+00:00
mi106DZJhuQ,2024-06-19T17:44:21+00:00
os7kDPhtPxY,2024-06-19T16:54:02+00:00
IM2VIKfaY0Y,2024-06-18T11:17:15+00:00
NwlA5OlyzRQ,2024-06-17T19:57:49+00:00
DIhdXWeb8RM,2024-06-17T12:40:06+00:00
j-prqnvaDgA,2024-06-17T11:46:50+00:00
0oTzg2R3RcY,2024-06-16T11:44:59+00:00
XPKpOBGsoOs,2024-06-15T19:50:03+00:00
Es4fWdOEvio,2024-06-15T13:00:15+00:00
LlDMweq_in8,2024-06-15T13:00:13+00:00
EIcnCaVsYFI,2024-06-15T10:23:42+00:00
8TaXIfJ8yOE,2024-06-14T08:08:29+00:00
jTJvyKZDFsY,2024-06-12T15:25:15+00:00
FWYHJLh94Zk,2024-06-12T14:33:21+00:00
O3zh_mViWbc,2024-06-12T08:47:45+00:00
QkWDhnjiU20,2024-06-11T16:50:37+00:00
wB8AArJG6BE,2024-06-10T14:19:47+00:00
jAMegKEetx4,2024-06-10T13:52:22+00:00
avdlUQ73BE0,2024-06-10T13:51:32+00:00
9AnMptUOdhM,2024-06-10T11:16:22+00:00
HGTJBPNC-Gw,2024-06-09T11:04:59+00:00
u2CmaqMUD30,2024-06-09T03:21:29+00:00
QHjqVg2QWmA,2024-06-07T22:10:53+00:00
_hjoaVCYgiA,2024-06-07T16:58:03+00:00
z8Cf1-jn-zY,2024-06-06T08:25:40+00:00
kbx5W8inFi0,2024-06-06T03:21:15+00:00
InlASbjYYeg,2024-06-05T23:53:50+00:00
3kKB6wYqP7Y,2024-06-05T07:55:40+00:00
pA4wIOw0HjM,2024-06-05T07:55:00+00:00
r-ec6QScfHg,2024-06-04T18:27:54+00:00
vuPeDtnp6fA,2024-06-04T18:26:37+00:00
xZunU3BNPdo,2024-06-02T10:54:49+00:00
aIGMXrpoG9c,2024-06-02T08:14:48+00:00
MLZj56EZzBc,2024-06-01T19:55:11+00:00
CzbtJUF7w0k,2024-06-01T19:00:26+00:00
yVKdMYolLpE,2024-06-01T18:22:00+00:00
bN7SDJFanS4,2024-05-30T00:28:03+00:00
lRLiTc67Tmw,2024-05-29T20:51:50+00:00
rTaUAz5xrD4,2024-05-29T20:39:26+00:00
aMgB018o71U,2024-05-29T17:45:16+00:00
8CkgCYPe68Q,2024-05-29T15:45:11+00:00
43-7_C03dvo,2024-05-29T12:05:41+00:00
TNPbbRgGctE,2024-05-29T11:39:42+00:00
tO-k72VC-Og,2024-05-28T23:35:22+00:00
OothsFlpUR4,2024-05-28T23:35:06+00:00
3CcGcdOUuqE,2024-05-28T23:31:40+00:00
Hefikoe_mfk,2024-05-28T23:31:06+00:00
-lk2ZxdXdKc,2024-05-28T23:30:00+00:00
aFSYaie-Z4E,2024-05-28T09:56:07+00:00
FgZkUi1NqRU,2024-05-28T09:54:23+00:00
R0A-wPN9Vns,2024-05-27T22:22:40+00:00
b90oSidoHUY,2024-05-26T20:42:09+00:00
nHQv4blla7g,2024-05-25T16:39:28+00:00
cfkiiaGO2iY,2024-05-22T13:37:31+00:00
xsy27MCbJWM,2024-05-22T10:02:43+00:00
d_n_gmINZTI,2024-05-21T12:41:00+00:00
Ue3a3nnn9b4,2024-05-21T08:03:43+00:00
82ddAK2M2m8,2024-05-20T12:35:08+00:00
MfwFAIgLItY,2024-05-19T15:58:10+00:00
XJeD0963MJM,2024-05-19T06:10:13+00:00
7LfpCz3eUsU,2024-05-18T08:57:42+00:00
LR511iAedYU,2024-05-17T16:59:32+00:00
d2KQBC-aM6s,2024-05-17T12:10:48+00:00
qlduXIUSJoQ,2024-05-17T05:23:37+00:00
ekMIfv0mvqs,2024-05-16T09:54:08+00:00
i_1frv6Dolk,2024-05-16T02:33:32+00:00
hszumWpp9Bc,2024-05-15T09:59:53+00:00
EXkAND5gDAE,2024-05-15T02:54:07+00:00
mtBPXjEoW54,2024-05-14T09:41:12+00:00
ggbNcHXrbHA,2024-05-13T06:53:32+00:00
5E2bvNi1uh4,2024-05-13T06:53:27+00:00
Z2z514tcwpc,2024-05-13T06:53:25+00:00
n2B6lqjyE8Q,2024-05-13T06:53:15+00:00
TfGP15IKseI,2024-05-13T06:52:41+00:00
9RmqB0FX4xo,2024-05-12T10:11:48+00:00
Ot4sag8Q3QM,2024-05-12T08:06:45+00:00
Ls3VkE2B8zM,2024-05-12T08:04:39+00:00
JMpexPi2ztY,2024-05-11T05:54:11+00:00
J0DzXAx9qjI,2024-05-09T16:36:26+00:00
y84tbX_2Tn0,2024-05-09T16:35:16+00:00
D31Ie4HAPSc,2024-05-01T20:08:39+00:00
tTSckj2ILkw,2024-05-01T18:35:28+00:00
iD6IE2mOpHM,2024-04-30T02:53:49+00:00
AKfL918RwnA,2024-04-29T23:57:51+00:00
9oc-naB7m8Q,2024-04-29T16:36:09+00:00
bH1lqT35TAs,2024-04-28T18:46:03+00:00
tYVm62oEyWA,2024-04-28T18:45:57+00:00
xwqOTXRZR7g,2024-04-28T18:45:52+00:00
jNXM3rtnLto,2024-04-28T17:52:11+00:00
Jhcd04h7Cz8,2024-04-26T10:27:33+00:00
JqEaIvtU7vQ,2024-04-25T14:13:19+00:00
NapGLT3WFX8,2024-04-25T12:10:30+00:00
UFz_qyMOwsA,2024-04-25T06:36:33+00:00
44lw5lQHVy0,2024-04-24T17:41:15+00:00
bYYw1bfzCeg,2024-04-24T15:14:45+00:00
WcwaKDTEGGA,2024-04-24T15:14:00+00:00
VBKNEm5P_ag,2024-04-24T07:16:59+00:00
V-AmcFucl6E,2024-04-20T16:56:58+00:00
p22EqQBYRBM,2024-04-20T16:49:27+00:00
1xg1UqrQMDQ,2024-04-19T16:05:44+00:00
dXQnwJGu2DU,2024-04-19T06:10:37+00:00
RLxl2O0v_vQ,2024-04-19T04:51:20+00:00
-CHyTAxEYQc,2024-04-17T06:39:56+00:00
Zq5oY3Ki7X0,2024-04-16T07:14:29+00:00
Prbvg4qgpmA,2024-04-16T07:10:24+00:00
uPefvc-sHhU,2024-04-14T05:25:15+00:00
ORm_JBmlsbc,2024-04-13T20:51:54+00:00
rCb4K_tc9OY,2024-04-13T20:49:37+00:00
xFXKz5sj1ig,2024-04-13T20:49:18+00:00
KTFPEc7PUxY,2024-04-13T20:43:14+00:00
Y2-q83V13XM,2024-04-13T20:41:24+00:00
dhCN06Kczuc,2024-04-13T20:39:24+00:00
K6T_hf3gkUY,2024-04-13T20:37:30+00:00
BCxhFLHRNas,2024-04-13T20:36:53+00:00
AldXZFq6C6M,2024-04-13T20:31:56+00:00
r4wjJlaMWYc,2024-04-13T20:31:36+00:00
Vh2FL_bY-Kk,2024-04-13T20:31:11+00:00
A_lgRJ0m6Ug,2024-04-13T20:17:57+00:00
RSs58L7UHA8,2024-04-13T20:15:46+00:00
og7e232cPQs,2024-04-13T20:12:18+00:00
sL3rOIohbrM,2024-04-13T20:09:59+00:00
K47POaXn3yE,2024-04-13T20:00:35+00:00
9oNJTi54tyo,2024-04-13T19:55:44+00:00
UPfoPmIxD5M,2024-04-13T19:55:35+00:00
DbaQuZlxB4k,2024-04-13T19:49:47+00:00
qwRKLNb6wYA,2024-04-13T19:49:29+00:00
XXM7671q0U4,2024-04-13T19:49:09+00:00
cvva2i1gP00,2024-04-13T19:43:53+00:00
b3tEhw_EjXU,2024-04-13T19:30:46+00:00
B-mf11CbK3w,2024-04-13T19:30:18+00:00
6H0BfNAp8rA,2024-04-13T19:30:03+00:00
Kixpwh_lWLM,2024-04-13T19:23:33+00:00
aUmE1IJPh6E,2024-04-12T10:53:04+00:00
y0dAGXixsck,2024-04-12T10:50:45+00:00
xMFtuyUSwiM,2024-04-11T20:33:53+00:00
dOkD1otQUxg,2024-04-11T02:54:52+00:00
XB5tFSRuaEw,2024-04-11T02:54:45+00:00
Pi_l9Z9BfKE,2024-04-06T16:41:49+00:00
RQDsaENvI7A,2024-04-04T11:14:40+00:00
IMeZkWvq7Xs,2024-04-03T14:03:29+00:00
XOuRZ3IrW08,2024-04-03T14:03:12+00:00
LMCaQtZ-1Yc,2024-04-01T16:38:03+00:00
vx1rz-28HNk,2024-03-29T23:12:24+00:00
Ry8wV0Q5q3g,2024-03-26T17:51:50+00:00
E75KHAf1Bc0,2024-03-26T00:56:25+00:00
OaX7_K9f5tw,2024-03-22T10:49:15+00:00
yT0r9IXxOxM,2024-03-22T04:59:37+00:00
DPfdoDjR8SY,2024-03-21T01:15:19+00:00
0EuyMoAd8Wc,2024-03-21T01:15:06+00:00
uQqJqovXeDg,2024-03-21T01:15:00+00:00
y2srKzVfOWY,2024-03-21T01:14:22+00:00
sRRJqeVNbBM,2024-03-20T23:40:55+00:00
U9ENCvFf9yQ,2024-03-15T18:25:40+00:00
G1j_Q_JraL0,2024-03-13T18:59:08+00:00
HHrxU1qUAH8,2024-03-11T14:57:50+00:00
OVJXXKaJbcQ,2024-03-11T14:33:59+00:00
7iht3VwXiII,2024-03-11T12:33:02+00:00
F-q19LYEiPg,2024-02-28T17:54:50+00:00
qFfc3_YCIAo,2024-02-28T00:44:45+00:00
zbCAswq0WwM,2024-02-27T13:43:15+00:00
AVscARjX5GM,2024-02-27T07:02:49+00:00
hV4wY2rjAWY,2024-02-27T06:56:21+00:00
ax7f3JZJHSw,2024-02-22T07:21:59+00:00
zqjgPr3zlBE,2024-02-21T14:57:59+00:00
IFz4vuemhug,2024-02-19T02:11:29+00:00
VuGRoHgVELk,2024-02-19T01:35:11+00:00
hL4IfoQzSSE,2024-02-17T19:19:45+00:00
hv0s3mottd4,2024-02-13T12:23:28+00:00
XLrZzclMdCU,2024-02-12T16:06:20+00:00
5ZEaJCQEeKA,2024-02-10T06:34:51+00:00
QMr8O2X7pLw,2024-02-07T17:41:16+00:00
mob4RkUFIAE,2024-02-05T15:32:04+00:00
nuUFbhMIy5s,2024-02-05T15:16:46+00:00
FaUpWPfcNd4,2024-02-05T08:04:42+00:00
4YAJUunLv3Y,2024-02-02T11:10:18+00:00
ccwaZqLKf10,2024-01-24T16:57:42+00:00
BGEft8rnSHY,2024-01-24T06:07:36+00:00
D4kfhy5Kzkk,2024-01-24T03:46:43+00:00
lcVAUw653y4,2024-01-24T03:46:36+00:00
6U9iC-c15AI,2024-01-23T05:51:28+00:00
NtYlUKJ6Yj4,2024-01-22T14:26:38+00:00
xo-5m73za3g,2024-01-20T04:02:38+00:00
WdChiFuBZvg,2024-01-19T11:23:46+00:00
Ek2eo5lrZws,2024-01-19T05:05:53+00:00
IENpuYQLGIk,2024-01-17T19:25:02+00:00
CQTCQNn5X0E,2024-01-13T18:21:35+00:00
mc979OhitAg,2024-01-13T18:20:21+00:00
X4AoV88OfSE,2024-01-12T08:36:00+00:00
InmzbSAkQDQ,2024-01-10T23:01:29+00:00
ae5CwuAq69Q,2024-01-10T21:21:38+00:00
Jdn4OJCzfhE,2024-01-10T16:14:21+00:00
I31A1fpQ1DU,2024-01-10T12:57:46+00:00
ccg_EwisjqU,2024-01-09T15:41:48+00:00
lVkmasp-MbQ,2024-01-07T19:34:20+00:00
abnSBGqEOGo,2023-12-29T02:31:39+00:00
AGXASWS1g54,2023-12-25T21:16:01+00:00
ZUZwrbxk3Jk,2023-12-25T18:55:28+00:00
OK7hl21YcsE,2023-12-25T18:55:15+00:00
ayVWaaDEiZc,2023-12-24T07:07:39+00:00
k5ih_qrj3bg,2023-12-24T05:23:40+00:00
i-jFcw-lGho,2023-12-23T02:44:44+00:00
tWybyH21dCM,2023-12-15T17:21:36+00:00
wDKgG4OgAC4,2023-12-14T17:02:32+00:00
d1wa_1OdKpA,2023-12-13T10:27:58+00:00
-4PZHHCUJZc,2023-12-12T04:54:54+00:00
OhHwvuG1czk,2023-12-09T15:44:06+00:00
TLwbbA55Ztw,2023-12-09T13:56:58+00:00
neQ7D90R0xo,2023-12-08T12:14:42+00:00
0gPYR9756IE,2023-11-30T15:47:02+00:00
DKnfVHgaTf0,2023-11-30T12:53:05+00:00
y_qoiJXrNME,2023-11-30T05:37:59+00:00
T05Sli_-xBA,2023-11-30T05:04:17+00:00
AzkO-yVW2H0,2023-11-24T16:36:27+00:00
VoxTCei4ENs,2023-11-24T14:50:51+00:00
o0FiG7c6m48,2023-11-24T10:15:35+00:00
s8EfohvNQxU,2023-11-22T13:11:34+00:00
3amEmuc4yn0,2023-11-22T13:11:27+00:00
ACq0LMQVmPE,2023-11-22T06:35:04+00:00
Kf3cYHSVxUE,2023-11-20T08:52:49+00:00
FSpOlB-d52E,2023-11-20T08:52:34+00:00
f4C4NaNtRvk,2023-11-20T08:51:47+00:00
rMmGjDkV4oo,2023-11-20T08:50:56+00:00
jIKWUjM56d8,2023-11-15T09:30:22+00:00
2umOr1yBxHw,2023-11-13T02:08:22+00:00
A6rpxccvk1Y,2023-11-08T02:16:39+00:00
sTBJ9PmkAeU,2023-11-08T00:57:43+00:00
zY-Gci1PJso,2023-11-02T00:13:50+00:00
FI51zRzgIe4,2023-10-26T07:29:43+00:00
inHWG3vHAvw,2023-10-22T13:58:58+00:00
iOsoaaa5tU4,2023-10-22T13:09:29+00:00
kt5y8F5uU1Y,2023-10-21T08:26:06+00:00
yt24N1Awu9E,2023-10-21T06:49:53+00:00
LErKSRE0ZTk,2023-10-18T16:02:32+00:00
tkJi4hwgXvE,2023-10-18T08:48:41+00:00
-uBiiiCXsH4,2023-10-16T06:22:55+00:00
4v1fMDXVM0Q,2023-10-16T03:37:52+00:00
bgPqk8-HPGQ,2023-10-15T11:17:28+00:00
QYYccm-6KeM,2023-10-15T10:51:14+00:00
EiRYUi_JWZs,2023-10-14T09:28:48+00:00
KnyZvsR1kDk,2023-10-14T07:27:51+00:00
LN7cCW1rSsI,2023-10-14T01:33:25+00:00
pqOcMHzJsts,2023-10-11T10:42:23+00:00
_FqFUaDCctw,2023-10-10T23:53:23+00:00
689ThFXH-jA,2023-10-09T06:39:53+00:00
hB3tYpPsmoQ,2023-10-08T21:55:05+00:00
QTY7akLsoBA,2023-10-08T20:33:56+00:00
P-LFuvKv_bI,2023-10-07T11:51:43+00:00
uWUM4QfzQes,2023-10-06T11:21:26+00:00
WpBqrR7ffLk,2023-10-06T08:26:45+00:00
zA1qaQib4G0,2023-10-04T23:59:42+00:00
YaXgd3wXkBc,2023-10-04T22:27:12+00:00
zRKJjFgFSV0,2023-10-02T20:35:05+00:00
ExOp1H7pJp8,2023-09-22T06:55:49+00:00
uRKyjTF3t-o,2023-09-20T12:46:04+00:00
JPR5YT1FXL0,2023-09-19T14:22:24+00:00
jXOw2iKmccs,2023-09-19T14:22:12+00:00
fWRF6BJ1OQk,2023-09-11T20:52:17+00:00
Aeavr2dNRW8,2023-09-09T20:03:24+00:00
kZKjMWIP5iA,2023-09-09T18:41:48+00:00
C8TPbYmemWY,2023-09-09T18:40:00+00:00
ifuPEB15DQs,2023-09-08T23:12:19+00:00
pp5YSRBrp9k,2023-09-02T19:11:41+00:00
tPrmqORwOqc,2023-09-02T08:39:27+00:00
Z6qbeU6lVFk,2023-09-02T05:58:09+00:00
XWA-8AnuSMs,2023-08-30T09:50:33+00:00
8G4Q5dw3aQo,2023-08-26T16:40:32+00:00
4NAiPYaogCw,2023-08-26T11:55:08+00:00
5mLMVXUBgzs,2023-08-23T03:37:01+00:00
iE-M56CVJx4,2023-08-21T10:42:35+00:00
Ya3XufguZMY,2023-08-19T05:23:23+00:00
klZi3jSTf24,2023-08-15T15:17:32+00:00
zjIiApN6cfg,2023-08-15T12:41:58+00:00
3wFTWgte_wc,2023-08-15T10:48:17+00:00
IEUqLL8J4gI,2023-08-11T21:41:18+00:00
LiTYA_YSDbY,2023-08-11T18:27:16+00:00
5s5VZKQNScg,2023-08-09T21:38:58+00:00
Rvey9g0VgY0,2023-08-07T22:23:13+00:00
8pRoGsvdMAE,2023-08-07T12:28:24+00:00
LTbjlUe7vMk,2023-08-07T11:11:01+00:00
GlTDRuwKb_g,2023-08-05T22:27:46+00:00
E6Ucn-Whh4g,2023-07-29T11:42:53+00:00
BsLC5eIjcag,2023-07-23T07:56:09+00:00
FXuW4mfxD8U,2023-07-18T23:02:15+00:00
EYrznlDTE_M,2023-07-10T16:33:17+00:00
E_TDQo9Zpv8,2023-06-30T16:28:41+00:00
ChTbH_OH5yI,2023-06-07T15:02:20+00:00
XSHPpphlqJk,2023-06-05T10:53:56+00:00
CjLobTp0bNI,2023-05-24T15:57:07+00:00
qcvCxz-v638,2023-05-24T15:19:04+00:00
32w2CXKsdmw,2023-05-21T17:46:22+00:00
chis65W5jfY,2023-05-21T16:09:43+00:00
tKX90LbnYd4,2023-05-17T08:59:38+00:00
wLoMfLBYcQg,2023-05-17T08:58:49+00:00
vlpKzJZx9SM,2023-05-13T01:14:32+00:00
i6JFHiK8Jgs,2023-05-10T19:05:20+00:00
a1LyTThf7V0,2023-05-07T00:47:24+00:00
Bgrubw6B_us,2023-04-28T00:47:35+00:00
7q8zj5K97UA,2023-04-27T10:09:32+00:00
oDU_hDzGcbQ,2023-04-02T23:45:43+00:00
6g9m9bdqQ0Y,2023-03-31T23:38:32+00:00
HtRPVJ24-FQ,2023-03-25T21:06:08+00:00
E0OQIraSHqs,2023-03-24T10:27:41+00:00
mk_TkG-NCI4,2023-03-21T19:30:13+00:00
VoYZlyBHyQM,2023-03-21T19:25:40+00:00
MjwL1mSrPLA,2023-03-14T09:02:18+00:00
goQ4ii-zBMw,2023-03-14T01:15:35+00:00
WqKluXIra70,2023-03-11T11:28:35+00:00
sbaz2MUGf2Q,2023-03-09T06:08:23+00:00
O10KvgIggus,2023-03-09T04:38:40+00:00
8KNYjE31ZLg,2023-03-09T03:26:54+00:00
lazVrmC7IVQ,2023-02-25T02:49:12+00:00
OEHD8B33-wc,2023-02-21T22:31:51+00:00
jrovC9x5awU,2023-02-21T13:32:16+00:00
QcLUDVry4ag,2023-02-18T19:37:57+00:00
KPHKGd9CjNA,2023-02-16T07:00:04+00:00
stf2YXO1W5Y,2023-02-13T15:07:22+00:00
y7FNqDY3OBI,2023-02-12T20:30:56+00:00
i8oDLO7GPsk,2023-02-12T06:49:53+00:00
JQIpAIlD7nU,2023-02-10T07:29:46+00:00
lA3gaTGT2EY,2023-02-07T13:18:46+00:00
1U4l2X-6_o4,2023-01-25T18:58:45+00:00
X-kWiDCe3mw,2023-01-23T16:55:13+00:00
jk1YZHt3dpM,2023-01-20T16:16:37+00:00
J0aX8QMkFAI,2023-01-16T03:51:42+00:00
UBcuyeZbWNM,2023-01-14T02:39:40+00:00
d43wYxPmG2s,2023-01-10T17:36:35+00:00
KJ2Lvi9kG2Q,2023-01-03T15:55:17+00:00
Qz--xil7AxU,2022-12-26T13:28:30+00:00
qKqlU7WhXHw,2022-12-19T21:30:13+00:00
NRwoqT6JBRA,2022-11-13T07:25:12+00:00
9JMu58VrAds,2022-11-12T05:27:36+00:00
Y0VQyEY-B2I,2022-11-10T23:13:57+00:00
4JIhQ3Gx7N8,2022-11-07T01:37:21+00:00
ZJs2DQ-Ecno,2022-10-26T21:34:00+00:00
u3SS-KVdvYw,2022-10-20T10:52:03+00:00
mYcLuWHzfmE,2022-10-17T16:11:57+00:00
0Cu6EbELZ6I,2022-10-16T13:58:48+00:00
Y7N6_HTR9y0,2022-10-14T20:53:25+00:00
ep009ll9BgM,2022-10-09T21:38:21+00:00
YYHqxcXOnYg,2022-10-03T10:47:09+00:00
JRLVFn9z0Gc,2022-09-27T18:21:36+00:00
8eVLW44J-5g,2022-09-23T19:29:04+00:00
deuzVsKMsTA,2022-09-22T20:26:48+00:00
YgNhCOIbKoY,2022-09-21T10:52:03+00:00
KE_MfoMX6ak,2022-09-09T16:59:13+00:00
swGygOl5Nt4,2022-08-29T14:27:45+00:00
5UDUnFQWG1M,2022-08-27T11:05:42+00:00
_7nIqdwhdqA,2022-08-16T15:17:55+00:00
W1Mafk58zS0,2022-08-15T16:29:25+00:00
06Gj0aLuNE8,2022-08-12T06:32:17+00:00
2yF-SJcg3zQ,2022-08-01T18:52:37+00:00
co6D7Pw2n38,2022-08-01T18:12:54+00:00
gs4eHZXZGDw,2022-07-30T13:54:26+00:00
P7aBLEio6J8,2022-07-23T17:10:50+00:00
DdH3RqVNUaE,2022-07-11T22:55:24+00:00
rIYRIIgErsU,2022-07-06T22:12:24+00:00
dGEjRiSwdGQ,2022-06-28T11:52:52+00:00
GOw-qQt52hs,2022-06-27T14:04:49+00:00
sGG-A80Tl5g,2022-06-21T13:32:46+00:00
B7497mQRn2Y,2022-06-16T12:14:09+00:00
FGGw-5dfNiM,2022-06-16T07:13:27+00:00
WMeqiMbIFX8,2022-06-13T16:32:33+00:00
1Ue5TecCfwY,2022-06-11T15:58:40+00:00
qVlXtf3A23I,2022-06-03T16:05:37+00:00
Zxgv6OZuAsg,2022-05-30T14:37:39+00:00
ERcOwUygzAE,2022-05-29T18:58:28+00:00
GvBgPBVcjEM,2022-05-29T17:33:44+00:00
N5xUYLW0mZE,2022-05-29T17:15:09+00:00
EyfLG3Hd99M,2022-05-28T15:58:51+00:00
gLdFzZ4LpPo,2022-05-23T19:00:35+00:00
znwUCNrjpD4,2022-05-20T11:01:34+00:00
CcprD1KNpKU,2022-05-20T06:39:08+00:00
yS6e2I1vDWo,2022-05-15T06:14:52+00:00
_ArVh3Cj9rw,2022-05-11T17:54:27+00:00
d0sq-RQQ04c,2022-05-08T06:36:01+00:00
duZag2P5D9E,2022-05-07T04:52:24+00:00
byNaO_zn2fI,2022-05-07T04:30:24+00:00
sLqXFF8mlEU,2022-05-06T06:16:49+00:00
ybirrWFrwUg,2022-05-05T17:26:10+00:00
3VpmHVkLXw0,2022-05-04T23:28:43+00:00
1EaY4sfNULY,2022-05-01T13:37:49+00:00
2sBVRM3Lv6Y,2022-04-29T07:40:57+00:00
j2oSKW4Fv0Q,2022-04-25T19:55:00+00:00
Q8n2DHiGp8E,2022-04-21T13:23:42+00:00
iAJFNMc_ovU,2022-04-19T22:32:58+00:00
oVbftx2nBh4,2022-04-19T22:23:23+00:00
t7QBpwE9zro,2022-04-19T21:59:46+00:00
u1fwS1pp2X4,2022-04-19T21:19:19+00:00
YSVlSmZWzm0,2022-04-19T07:29:44+00:00
hR2p-cNIx-E,2022-04-16T10:35:31+00:00
PVA9zcHN-mc,2022-04-12T23:30:02+00:00
zpH1NhqOfsY,2022-04-12T18:08:20+00:00
tl4G2oIf9ss,2022-04-11T17:30:13+00:00
S4E4yAktjug,2022-04-11T12:41:56+00:00
TSd_iXYIZPU,2022-04-07T11:40:50+00:00
aeah3fFYlnA,2022-04-06T13:27:41+00:00
POMX80Q11O0,2022-04-06T12:10:48+00:00
Iq_6lNzlhbE,2022-04-06T10:53:03+00:00
FIx4_MvcMzI,2022-04-04T18:03:36+00:00
HfoU_Z1uVfc,2022-04-03T19:14:28+00:00
lKBrqa78tOk,2022-03-29T07:14:25+00:00
PIa17rsNSEE,2022-03-23T14:27:45+00:00
E1z55dYHv8c,2022-03-20T18:14:53+00:00
nJPQDyw9YXI,2022-03-20T11:18:58+00:00
FhuFWoN1nb0,2022-03-19T18:49:13+00:00
APwwGy4GzK8,2022-03-19T18:36:16+00:00
PzDb256vo_E,2022-03-18T09:21:22+00:00
LKPwKFigF8U,2022-03-16T18:09:18+00:00
fGSC2zPnzP4,2022-03-16T07:17:40+00:00
bmSoQOebWyM,2022-03-15T14:27:50+00:00
HIiB50hZ0TA,2022-03-14T12:12:59+00:00
1dWuslij1o8,2022-03-14T09:09:57+00:00
n6lRdH1EzIo,2022-03-14T07:26:36+00:00
_Yh3z9wqTEw,2022-03-12T15:59:18+00:00
o0xNzLp5b3c,2022-03-12T07:02:10+00:00
N1jgeoVY3kU,2022-03-11T10:48:42+00:00
cdNYuKctffU,2022-03-05T05:40:31+00:00
1EnzkgqkuW0,2022-02-28T03:10:48+00:00
H5yvhP-9mik,2022-02-27T17:12:20+00:00
BTYyJsuNPdU,2022-02-26T18:10:07+00:00
c6QMUVUVvtk,2022-02-26T04:50:38+00:00
dLSMRp1ARUc,2022-02-20T19:18:46+00:00
IJ-5gEaqlnY,2022-02-18T13:46:39+00:00
NQP89ish9t8,2022-02-16T22:19:17+00:00
ysEN5RaKOlA,2022-02-16T22:18:17+00:00
FE-2wMtLw6E,2022-02-16T14:51:30+00:00
0pdqxSyro_M,2022-02-16T14:51:23+00:00
g7_udUy0WzY,2022-02-12T12:20:35+00:00
bwbxbuxpPN4,2022-02-08T08:04:56+00:00
OUnYsZmOhRA,2022-02-07T11:44:18+00:00
r4_-QKoYyb8,2022-02-06T04:09:09+00:00
P84ltS1H6gI,2022-02-04T16:28:23+00:00
MfM7cqOlgds,2022-02-01T05:11:56+00:00
aaSCAfQuEZY,2022-01-30T21:41:48+00:00
yR-rmVV5K2s,2022-01-26T21:57:58+00:00
0faCad2kKeg,2022-01-26T16:17:59+00:00
N-buLx_tV6U,2022-01-26T11:41:51+00:00
ieCZvKsC_po,2022-01-26T06:05:26+00:00
5q1fHVX6-lQ,2022-01-24T03:10:11+00:00
YQ_xWvX1n9g,2022-01-22T09:51:39+00:00
jf9E5kMoPHk,2022-01-21T19:40:53+00:00
yWszkRHoK5s,2022-01-20T11:31:46+00:00
MDtOFhQ0Ll8,2022-01-16T19:19:04+00:00
Q7lettUm9ag,2022-01-16T19:18:58+00:00
khqTXJPX3CA,2022-01-16T18:49:23+00:00
pBbHy_BIz64,2022-01-16T11:19:19+00:00
qQ0ccPtrd10,2022-01-14T16:36:26+00:00
Ob86xcv7ASw,2022-01-14T10:11:32+00:00
MXs_vkc8hpY,2022-01-10T12:13:49+00:00
MhVIiSYY9hw,2022-01-08T21:01:34+00:00
abqUMxj-1WI,2022-01-04T04:53:24+00:00
wKk7b9bihQo,2022-01-03T16:42:26+00:00
39d_2H3XHyo,2022-01-02T16:01:21+00:00
n_Nz76JyRLM,2022-01-02T11:42:00+00:00
Mcyv4XOhvIg,2022-01-01T18:54:46+00:00
rZas_lshpW0,2022-01-01T09:48:05+00:00
aOrAsQgJvtQ,2021-12-31T23:00:21+00:00
qmuQkNlLpPM,2021-12-31T22:15:05+00:00
TXKHpz0OKKE,2021-12-29T20:36:55+00:00
qhKYOiVTAcg,2021-12-29T20:35:22+00:00
4M4HjCAdoAg,2021-12-28T20:11:21+00:00
39VVdj1t76Y,2021-12-28T20:11:15+00:00
AdrnN3A79yc,2021-12-26T12:55:23+00:00
lRFHizG0Aps,2021-12-26T08:38:39+00:00
9_79H2-JiuI,2021-12-25T16:29:17+00:00
aESqrP3hfi8,2021-12-25T11:13:27+00:00
RT9laVHZZQo,2021-12-25T08:36:06+00:00
7C92ZCnlmQo,2021-12-23T07:45:12+00:00
DcuvpihOmrQ,2021-12-20T06:17:58+00:00
iS68LmqFVeA,2021-12-19T11:00:47+00:00
kY1Rua7jy48,2021-12-18T10:37:02+00:00
zF2QwHnk3EE,2021-12-16T19:37:00+00:00
cQSZgZr-cuU,2021-12-16T12:34:38+00:00
EaxrdTIZuv4,2021-12-16T11:35:39+00:00
ijVrnTtioIE,2021-12-12T09:09:37+00:00
p8UDqWGgcss,2021-12-11T15:35:53+00:00
e2zUC9ktHjk,2021-12-11T05:58:51+00:00
_BkGfxfr76Q,2021-12-11T02:59:12+00:00
xna-kdXZQHQ,2021-12-09T19:47:22+00:00
YDM7Ezb_vN0,2021-12-07T08:50:02+00:00
nWvXHZj4lm0,2021-12-04T13:29:31+00:00
MSfjCG4V2GM,2021-12-04T13:27:38+00:00
QdNHmZPsWGI,2021-12-03T19:07:48+00:00
--Hu2w0s72Y,2021-11-30T20:34:14+00:00
35NJCtjF_w8,2021-11-29T11:26:14+00:00
3sYNn9RlyOw,2021-11-26T20:17:12+00:00
EbqGGd-caQM,2021-11-26T11:19:16+00:00
22lGbAVWhro,2021-11-26T09:51:54+00:00
UwlXxtGRLZc,2021-11-24T16:50:09+00:00
qIAS9O5Ax2c,2021-11-24T11:32:21+00:00
lqhpXf1PIhg,2021-11-22T16:44:25+00:00
-z77ikRecGI,2021-11-22T12:03:51+00:00
WE0eEws5HMg,2021-11-21T22:18:32+00:00
kHUBrvkuWU0,2021-11-20T16:00:54+00:00
tVTrnIdqabU,2021-11-20T15:43:13+00:00
Zt5qJC1xQ8A,2021-11-20T09:56:20+00:00
QwoF1-1QgwA,2021-11-19T19:42:52+00:00
CKCj3JOfXco,2021-11-19T12:46:49+00:00
QtFybK9n1EM,2021-11-19T00:31:40+00:00
s9Ayiap-OHg,2021-11-17T21:47:48+00:00
uIKupTibxKQ,2021-11-17T06:55:57+00:00
VAB7Pn-aRe8,2021-11-16T04:36:34+00:00
3mb3A3uCWjk,2021-11-15T17:46:33+00:00
NA2FQ_ZQ7NQ,2021-11-15T12:11:20+00:00
WeexcLff6_k,2021-11-12T08:06:01+00:00
ltelMIkLNl8,2021-11-03T14:59:08+00:00
RqRLC4vnJEc,2021-11-02T15:16:54+00:00
8GOoBPLeS60,2021-11-01T18:43:30+00:00
Tmm6SuePY4k,2021-10-31T15:57:39+00:00
uKahrLhLNlQ,2021-10-30T14:16:29+00:00
Mukxj0M_8o0,2021-10-30T10:40:16+00:00
P0qQGvJoK68,2021-10-30T10:35:27+00:00
iRSngumFiNE,2021-10-30T07:36:09+00:00
19wcjoHyabY,2021-10-29T17:33:57+00:00
Ut9Pdbg_G0k,2021-10-29T17:25:22+00:00
lLJV8hg7QNI,2021-10-28T09:54:25+00:00
Cli2PU03u3A,2021-10-27T14:00:16+00:00
rHgbG1HsIrY,2021-10-27T11:37:08+00:00
QzouX6fTTmU,2021-10-26T21:11:34+00:00
2dgau46ZCqs,2021-10-26T07:37:11+00:00
gpkiXoG4azE,2021-10-26T07:36:57+00:00
1fPWr0d5zBE,2021-10-26T07:36:24+00:00
2UvAyV77t5k,2021-10-25T07:03:46+00:00
QufAokZPxO0,2021-10-23T06:24:45+00:00
6aFfN4HtjEc,2021-10-22T13:40:34+00:00
SrV69dBNEWs,2021-10-21T10:13:21+00:00
cqMiMKnYk5E,2021-10-20T20:02:38+00:00
SnvtR-w5t6w,2021-10-20T13:52:07+00:00
QOgCtm0CdUc,2021-10-19T18:00:05+00:00
tJ7LdrAqL0Y,2021-10-19T13:03:58+00:00
W63qjPnV6M4,2021-10-19T10:31:35+00:00
EWiKK1Egtv8,2021-10-19T05:21:15+00:00
uVTJ8_o3Xn8,2021-10-17T08:35:58+00:00
zhOCOFSPAcU,2021-10-15T19:32:14+00:00
M7oTkkYqno0,2021-10-13T09:51:24+00:00
XfxQt7CV32o,2021-10-10T05:13:54+00:00
qS4mvrWWO_M,2021-10-09T04:33:47+00:00
-qxP2TzYcNw,2021-10-08T10:47:23+00:00
QN0FHf4k09E,2021-10-07T10:53:55+00:00
T6Df6f1KDgA,2021-10-07T00:43:10+00:00
3g5xpKEf8Q0,2021-10-06T04:22:54+00:00
vLfZruBxwF0,2021-10-06T03:47:17+00:00
XJnuhfiQ_QM,2021-10-04T04:13:23+00:00
2IX5aOcOA5g,2021-10-01T21:10:54+00:00
oTqiryumeoA,2021-10-01T06:05:36+00:00
AUhA6Xb8Fb8,2021-09-28T07:51:08+00:00
ymspNPoaBIs,2021-09-27T13:27:52+00:00
jWNydONRt5c,2021-09-27T13:27:23+00:00
2sML2bq_WGw,2021-09-27T13:23:18+00:00
VH8QT73Gxwo,2021-09-26T17:28:18+00:00
gjGBP0E4zEs,2021-09-26T12:03:34+00:00
IGXeGVJw5V0,2021-09-25T08:18:53+00:00
nN90nW9L2qo,2021-09-20T05:16:33+00:00
qPQBS6JpNZ4,2021-09-19T10:37:43+00:00
Hkz4SB6wJBM,2021-09-16T20:45:29+00:00
TNgjMqTUbXc,2021-09-08T18:46:04+00:00
x6myu3OpNBA,2021-09-08T17:00:38+00:00
XgoMK-UVePI,2021-09-06T18:12:58+00:00
1o8R02Bikqk,2021-09-06T14:38:58+00:00
55XY1i9YRMw,2021-08-31T11:25:21+00:00
NWONeJKn6kc,2021-08-31T04:39:58+00:00
qS3IB0wq4dI,2021-08-31T04:22:00+00:00
QufW_ifQq7A,2021-08-29T05:03:49+00:00
I_Jy-iTL0EY,2021-08-29T00:51:15+00:00
__izua1kKeI,2021-08-27T12:30:04+00:00
At9qW8ivJ4Q,2021-08-26T17:05:26+00:00
-3QCaVC1Igc,2021-08-23T13:21:14+00:00
EChf62QkPq4,2021-08-22T03:34:26+00:00
9VVzCr3c9Jk,2021-08-22T03:22:35+00:00
2RQH5Ycj1C8,2021-08-21T17:12:09+00:00
PXFjtX82vLY,2021-08-21T08:17:27+00:00
1DC69JoSWtE,2021-08-18T16:39:41+00:00
8flvMNTM7NE,2021-08-18T03:50:35+00:00
JXrhJkP9WB4,2021-08-18T03:49:34+00:00
bsFwLQuTtYo,2021-08-17T14:01:32+00:00
q6zrcUkXfgc,2021-08-17T03:46:17+00:00
MHPGeQD8TvI,2021-08-16T14:13:31+00:00
xRkjTfeyCLU,2021-08-16T14:10:54+00:00
f7g4dsm6ku0,2021-08-16T07:31:26+00:00
2chfsFTNEXw,2021-08-16T07:30:46+00:00
GwT6gGMRr9s,2021-08-16T06:06:52+00:00
jKV-cym4QfQ,2021-08-15T22:34:57+00:00
gjyQoz6f0qw,2021-08-15T21:03:15+00:00
rBW-346Yjo4,2021-08-15T12:24:56+00:00
647vLCfxRK8,2021-08-14T15:41:30+00:00
lKJ1y68Z5Jo,2021-08-14T15:24:43+00:00
Mt-YuVhsvpY,2021-08-13T12:35:33+00:00
M6NsEDwHHiE,2021-08-12T15:08:17+00:00
PsRgDRROSeU,2021-08-12T14:30:06+00:00
_ZyS2iZPRSI,2021-08-10T15:12:00+00:00
IHVoEzlQdmc,2021-08-07T19:37:56+00:00
4rZ5z4pSzJk,2021-07-31T09:48:15+00:00
qpj-vTw5SNA,2021-07-26T00:56:18+00:00
Tiu8Aro-U2I,2021-07-25T10:16:17+00:00
Zwt0iHe8SSY,2021-07-19T09:43:50+00:00
HWNafFzsxjE,2021-07-18T19:11:57+00:00
0jqIHvb7yKk,2021-07-17T08:10:38+00:00
NSO0IgT8JLQ,2021-07-15T16:52:52+00:00
k2TXfolZR08,2021-07-15T16:48:01+00:00
T5A02Rz6260,2021-07-15T13:28:08+00:00
fo-alw2q-BU,2021-07-13T12:49:23+00:00
5mK_HYCl2CQ,2021-07-12T12:41:11+00:00
nv4YU0H2H8U,2021-07-08T11:13:03+00:00
KI6W6WOYH3s,2021-07-07T06:19:00+00:00
7MY4ERHgmP4,2021-07-06T21:14:07+00:00
Fxe03N63D8E,2021-07-06T18:45:56+00:00
a_AUBQQrTXw,2021-07-06T10:27:40+00:00
L-Ft60EcvQo,2021-07-02T17:03:51+00:00
JdHeTdoM6c8,2021-07-02T16:59:32+00:00
u_UqSB66uPQ,2021-07-02T14:09:31+00:00
nbLkDuB81Yo,2021-07-01T15:33:48+00:00
63uqBBrHKTc,2021-07-01T15:33:40+00:00
MkUxaqZIktY,2021-07-01T14:55:59+00:00
YkEtKVXvSqI,2021-07-01T14:51:19+00:00
eeySV8rxNDo,2021-06-30T10:41:31+00:00
6RB5YfuV36c,2021-06-27T06:26:04+00:00
QrNi9FmdlxY,2021-06-26T22:44:38+00:00
ipbyb6WftC4,2021-06-26T14:27:22+00:00
uhHLlDmXOjk,2021-06-26T10:27:26+00:00
IpL-JvuE5bA,2021-06-24T13:55:30+00:00
RP0oVOH4Zz4,2021-06-23T21:08:14+00:00
K2DeHJxrIAM,2021-06-23T08:03:25+00:00
mkdjPEmlcNg,2021-06-23T07:24:56+00:00
eZiSApqoI2g,2021-06-23T05:50:14+00:00
2KpekWEilcA,2021-06-23T05:05:43+00:00
ATDuudTyabs,2021-06-22T04:17:23+00:00
lnmTIZ4YYmQ,2021-06-22T02:53:28+00:00
sTPNMdAsBD8,2021-06-21T16:40:19+00:00
-XGf1ISS0F0,2021-06-20T04:49:43+00:00
abYqVsDfp7I,2021-06-20T04:42:35+00:00
KkEuUQN5t58,2021-06-19T19:28:41+00:00
OFl9IRb9sEE,2021-06-19T14:55:53+00:00
Pi39PpnvMVw,2021-06-19T14:51:28+00:00
pdc_KwAOchE,2021-06-18T13:42:45+00:00
5ZVI-avVS7s,2021-06-17T16:30:16+00:00
P1kcZ40r1o4,2021-06-17T10:29:48+00:00
PbBhlukg8ng,2021-06-16T18:32:04+00:00
Ab67vBsL-uE,2021-06-16T17:48:38+00:00
C65sEy0f_Jg,2021-06-13T20:24:08+00:00
8mUWYuVruRg,2021-06-12T10:51:15+00:00
LnZ4ulQ9O30,2021-06-11T20:37:35+00:00
NgdqanRoa_E,2021-06-11T20:19:34+00:00
zpIPhAGHSV4,2021-06-11T08:08:51+00:00
7FkeXLZkulM,2021-06-10T19:07:29+00:00
hOlGYnH4Ca4,2021-06-10T15:44:14+00:00
o53VAut3pw8,2021-06-10T15:44:05+00:00
CTF4mRjKYt8,2021-06-09T16:04:35+00:00
gQaafNForNs,2021-06-08T09:23:29+00:00
KuDZoZ-DloY,2021-06-07T02:26:55+00:00
atgPeGhIhy8,2021-06-07T00:14:55+00:00
z4fYKnTPPeY,2021-06-06T00:10:02+00:00
DQdl6g3ty2U,2021-06-05T17:37:40+00:00
BLnDVDYJx0Q,2021-06-04T09:25:37+00:00
02HsBaXtZsY,2021-06-04T07:07:52+00:00
UO9wfLseT9s,2021-06-04T06:51:01+00:00
mzZTLT8WpcQ,2021-06-03T23:48:16+00:00
7k3wjTOhYwY,2021-06-01T20:15:45+00:00
DCG6SngV9yI,2021-06-01T04:53:53+00:00
PQx8AWdb8BU,2021-05-23T12:10:38+00:00
kUE2fPLOUxo,2021-05-18T13:48:25+00:00
tu9mN4_0nvw,2021-05-18T02:28:18+00:00
HBik0MjXeMs,2021-05-18T02:15:01+00:00
DM39MdH2nBA,2021-05-13T20:13:16+00:00
6bUGvgjU7SI,2021-05-13T18:51:55+00:00
iv4qWu_8sh0,2021-05-13T03:05:11+00:00
QR8LxximqWI,2021-05-12T20:43:07+00:00
nbMNAUZPH1E,2021-05-11T13:25:42+00:00
f0BNztZ5lRQ,2021-05-10T12:39:57+00:00
XMFs3GphcWI,2021-05-10T11:58:13+00:00
SlV0UobhzD8,2021-05-08T19:24:00+00:00
8zDTS-0IN6E,2021-05-06T21:50:21+00:00
ixpfqG8ABEA,2021-04-21T10:10:09+00:00
C6QPS3DlYKI,2021-04-19T17:54:45+00:00
QTHZcsW9U0k,2021-04-10T10:08:19+00:00
ZIdVE-uS-74,2021-04-10T03:06:25+00:00
NYbf-1jsZqM,2021-04-08T03:56:13+00:00
jf-SbSfiXn4,2021-04-06T00:41:00+00:00
7zR26e504uI,2021-04-05T17:36:40+00:00
xY5NM5yTTPc,2021-04-05T12:16:53+00:00
moZ6uPJYs5o,2021-04-04T10:02:38+00:00
-a9wHOtSASE,2021-04-04T09:59:03+00:00
gcyrrTud3x4,2021-04-03T15:19:27+00:00
fO3dKSQayfg,2021-03-30T17:31:09+00:00
SDJ3FzJxZqs,2021-03-19T05:38:47+00:00
z76x_6QTmMo,2021-03-15T17:33:32+00:00
1OiCBI-m6eo,2021-03-13T14:34:00+00:00
7J52mDjZzto,2021-03-02T15:57:57+00:00
U8Qc_dzQTJ4,2021-02-26T15:10:27+00:00
FSUbHvAsxoQ,2021-02-26T04:37:19+00:00
GErIPKjwuDg,2021-02-22T02:09:17+00:00
7V54LRRJaGk,2021-02-19T09:53:40+00:00
-ucqCl_XyvM,2021-02-19T08:27:32+00:00
1PYqxSSSaQY,2021-02-14T12:51:18+00:00
yNRiw7IU34E,2021-02-14T07:46:03+00:00
vUxgP_IIj_w,2021-02-08T16:31:08+00:00
UOtb5jUogXw,2021-02-06T19:21:55+00:00
uDL0Zw1a7_c,2021-01-31T04:56:24+00:00
fOxqoxHL-Oc,2021-01-23T11:51:07+00:00
tTmCxVsagRw,2021-01-12T18:59:53+00:00
rcfkSKBPMSc,2020-12-26T11:03:21+00:00
BmPtltvBtlc,2020-12-05T23:42:47+00:00
OFnX4beKdfQ,2020-12-01T18:50:46+00:00
lH4FK8O4MPY,2020-11-29T16:21:04+00:00
sTQ2J9BBURM,2020-11-19T14:54:54+00:00
OMrioRyimvc,2020-11-18T12:52:48+00:00
BMcGFEdOYhQ,2020-11-18T09:19:03+00:00
5-oGXQsNJBU,2020-11-17T13:10:05+00:00
gKppwACQ-qk,2020-11-15T13:20:58+00:00
zG2VaucaDOs,2020-11-11T14:53:09+00:00
G2V3jDvMAAc,2020-11-11T06:39:53+00:00
5sY-OLzurQ8,2020-11-10T15:48:59+00:00
Ex0pU8YzDoI,2020-11-09T17:17:15+00:00
GOVPpLtJUIg,2020-11-09T16:27:47+00:00
uxe2jr069ZM,2020-11-09T03:45:34+00:00
tnArI4Zce58,2020-11-08T16:36:53+00:00
Rm48uz2emp8,2020-11-08T15:48:19+00:00
2T7Wx1cUDoU,2020-11-08T10:18:48+00:00
G68Q4lCM5pQ,2020-11-07T13:23:44+00:00
2G5hfRhw6gU,2020-11-03T20:27:17+00:00
wvfR3XLXPvw,2020-11-01T22:40:17+00:00
n5QJtUXfcvU,2020-10-10T07:10:06+00:00
jpZaWyQa800,2020-10-07T20:07:19+00:00
mSVCBbgnRdQ,2020-10-05T13:15:54+00:00
G6NAtyOsKBg,2020-09-22T04:23:17+00:00
xr5qTI0ssUg,2020-09-17T04:06:24+00:00
m_mU7kp-JbU,2020-09-12T03:11:08+00:00
zsjC6fa_YBg,2020-09-03T07:57:22+00:00
cfk22f1QP7s,2020-09-02T03:30:36+00:00
Nuzi7LlSDVo,2020-08-29T16:31:35+00:00
GvYAVti8nbk,2020-07-30T11:22:21+00:00
ZchkP43avXg,2020-07-30T10:41:45+00:00
ZJ2RydH1EbE,2020-07-27T11:53:17+00:00
DQQdnve5fQk,2020-07-21T17:47:36+00:00
wPSWsz2R6Xc,2020-07-08T06:25:44+00:00
JeUFrZtKkn8,2020-05-21T13:07:24+00:00
JVlbxzR9EpY,2020-05-20T19:50:49+00:00
7xDrHUvI9j0,2020-05-20T16:27:30+00:00
lIT_HDABvaM,2020-05-15T16:33:00+00:00
adHfzmIxLtc,2020-05-14T19:22:09+00:00
MdG4f5Y3ugk,2020-05-11T15:48:32+00:00
sRiruE1FaIQ,2020-05-07T09:12:00+00:00
ndcApuLK0eE,2020-05-03T10:33:00+00:00
RjiN11GRuPU,2020-03-26T13:40:53+00:00
Q1EMNZ5g8mg,2020-03-06T16:54:02+00:00
QdQYXwrBhfM,2020-03-03T16:45:06+00:00
i9ibOivqrEY,2020-02-27T12:12:40+00:00
